age,d18O,Ca2
20,-35.13,NA
40,-35.13,NA
40,-35.55,NA
60,-35.55,NA
60,-35.16,NA
80,-35.16,NA
80,-35.59,NA
100,-35.59,NA
100,-35.24,NA
120,-35.24,NA
120,-35.3,NA
140,-35.3,NA
140,-34.79,NA
160,-34.79,NA
160,-35.14,NA
180,-35.14,NA
180,-35.39,NA
200,-35.39,NA
200,-34.93,NA
220,-34.93,NA
220,-35.56,NA
240,-35.56,NA
240,-35.11,NA
260,-35.11,NA
260,-35.11,NA
280,-35.11,NA
280,-35.41,NA
300,-35.41,NA
300,-35.64,NA
320,-35.64,NA
320,-34.89,NA
340,-34.89,NA
340,-35.43,NA
360,-35.43,NA
360,-35.19,NA
380,-35.19,NA
380,-35.29,NA
400,-35.29,NA
400,-34.97,NA
420,-34.97,NA
420,-35.17,NA
440,-35.17,NA
440,-35.08,NA
460,-35.08,NA
460,-35.02,NA
480,-35.02,NA
480,-34.99,NA
500,-34.99,NA
500,-35.56,NA
520,-35.56,NA
520,-35.3,NA
540,-35.3,NA
540,-34.87,NA
560,-34.87,NA
560,-35.71,NA
580,-35.71,NA
580,-34.98,NA
600,-34.98,NA
600,-35.39,NA
620,-35.39,NA
620,-35.84,NA
640,-35.84,NA
640,-35.74,NA
660,-35.74,NA
660,-35.58,NA
680,-35.58,NA
680,-35.18,NA
700,-35.18,NA
700,-35.14,NA
720,-35.14,NA
720,-35.5,NA
740,-35.5,NA
740,-35.56,NA
760,-35.56,NA
760,-34.85,NA
780,-34.85,NA
780,-35.32,NA
800,-35.32,NA
800,-35.5,NA
820,-35.5,NA
820,-35.52,NA
840,-35.52,NA
840,-35.71,NA
860,-35.71,NA
860,-35.14,NA
880,-35.14,NA
880,-36.02,NA
900,-36.02,NA
900,-35.1,NA
920,-35.1,NA
920,-35.33,NA
940,-35.33,NA
940,-35.46,NA
960,-35.46,NA
960,-35.29,NA
980,-35.29,NA
980,-35.29,NA
1000,-35.29,NA
1000,-35.6,NA
1020,-35.6,NA
1020,-34.56,NA
1040,-34.56,NA
1040,-34.87,NA
1060,-34.87,NA
1060,-35.09,NA
1080,-35.09,NA
1080,-34.9,NA
1100,-34.9,NA
1100,-35.5,NA
1120,-35.5,NA
1120,-35.5,NA
1140,-35.5,NA
1140,-35.41,NA
1160,-35.41,NA
1160,-35.07,NA
1180,-35.07,NA
1180,-35.6,NA
1200,-35.6,NA
1200,-35.01,NA
1220,-35.01,NA
1220,-34.94,NA
1240,-34.94,NA
1240,-34.39,NA
1260,-34.39,NA
1260,-35.14,NA
1280,-35.14,NA
1280,-35.11,NA
1300,-35.11,NA
1300,-35.44,NA
1320,-35.44,NA
1320,-35.26,NA
1340,-35.26,NA
1340,-35.06,NA
1360,-35.06,NA
1360,-35.16,NA
1380,-35.16,NA
1380,-35.1,NA
1400,-35.1,NA
1400,-35.47,NA
1420,-35.47,NA
1420,-35.4,NA
1440,-35.4,NA
1440,-34.8,NA
1460,-34.8,NA
1460,-35.62,NA
1480,-35.62,NA
1480,-35.67,NA
1500,-35.67,NA
1500,-35.68,NA
1520,-35.68,NA
1520,-35.14,NA
1540,-35.14,NA
1540,-35.1,NA
1560,-35.1,NA
1560,-35.16,NA
1580,-35.16,NA
1580,-34.86,NA
1600,-34.86,NA
1600,-34.99,NA
1620,-34.99,NA
1620,-34.96,NA
1640,-34.96,NA
1640,-35.62,NA
1660,-35.62,NA
1660,-35.28,NA
1680,-35.28,NA
1680,-35.22,NA
1700,-35.22,NA
1700,-35.48,NA
1720,-35.48,NA
1720,-35.09,NA
1740,-35.09,NA
1740,-35.18,NA
1760,-35.18,NA
1760,-35.43,NA
1780,-35.43,NA
1780,-35.34,NA
1800,-35.34,NA
1800,-35.15,NA
1820,-35.15,NA
1820,-35.65,NA
1840,-35.65,NA
1840,-34.92,NA
1860,-34.92,NA
1860,-35.18,NA
1880,-35.18,NA
1880,-34.75,NA
1900,-34.75,NA
1900,-34.87,NA
1920,-34.87,NA
1920,-34.56,NA
1940,-34.56,NA
1940,-34.96,NA
1960,-34.96,NA
1960,-34.71,NA
1980,-34.71,NA
1980,-35.16,NA
2000,-35.16,NA
2000,-35.03,NA
2020,-35.03,NA
2020,-34.57,NA
2040,-34.57,NA
2040,-35.59,NA
2060,-35.59,NA
2060,-35.43,NA
2080,-35.43,NA
2080,-34.9,NA
2100,-34.9,NA
2100,-34.8,NA
2120,-34.8,NA
2120,-35.66,NA
2140,-35.66,NA
2140,-34.81,NA
2160,-34.81,NA
2160,-34.96,NA
2180,-34.96,NA
2180,-35.4,NA
2200,-35.4,NA
2200,-35.5,NA
2220,-35.5,NA
2220,-34.81,NA
2240,-34.81,NA
2240,-34.53,NA
2260,-34.53,NA
2260,-34.57,NA
2280,-34.57,NA
2280,-34.93,NA
2300,-34.93,NA
2300,-35.09,NA
2320,-35.09,NA
2320,-35.49,NA
2340,-35.49,NA
2340,-34.98,NA
2360,-34.98,NA
2360,-35.01,NA
2380,-35.01,NA
2380,-34.65,NA
2400,-34.65,NA
2400,-34.41,NA
2420,-34.41,NA
2420,-35.45,NA
2440,-35.45,NA
2440,-34.7,NA
2460,-34.7,NA
2460,-35.09,NA
2480,-35.09,NA
2480,-34.74,NA
2500,-34.74,NA
2500,-35.06,NA
2520,-35.06,NA
2520,-34.07,NA
2540,-34.07,NA
2540,-34.33,NA
2560,-34.33,NA
2560,-34.91,NA
2580,-34.91,NA
2580,-35.03,NA
2600,-35.03,NA
2600,-34.76,NA
2620,-34.76,NA
2620,-34.8,NA
2640,-34.8,NA
2640,-35.05,NA
2660,-35.05,NA
2660,-34.83,NA
2680,-34.83,NA
2680,-34.81,NA
2700,-34.81,NA
2700,-34.93,NA
2720,-34.93,NA
2720,-34.96,NA
2740,-34.96,NA
2740,-35.04,NA
2760,-35.04,NA
2760,-35.11,NA
2780,-35.11,NA
2780,-35.31,NA
2800,-35.31,NA
2800,-34.99,NA
2820,-34.99,NA
2820,-34.63,NA
2840,-34.63,NA
2840,-34.46,NA
2860,-34.46,NA
2860,-35.2,NA
2880,-35.2,NA
2880,-35.29,NA
2900,-35.29,NA
2900,-34.7,NA
2920,-34.7,NA
2920,-35.41,NA
2940,-35.41,NA
2940,-34.59,NA
2960,-34.59,NA
2960,-34.59,NA
2980,-34.59,NA
2980,-34.96,NA
3000,-34.96,NA
3000,-34.61,NA
3020,-34.61,NA
3020,-35.14,NA
3040,-35.14,NA
3040,-35.37,NA
3060,-35.37,NA
3060,-34.57,NA
3080,-34.57,NA
3080,-35.11,NA
3100,-35.11,NA
3100,-34.99,NA
3120,-34.99,NA
3120,-34.96,NA
3140,-34.96,NA
3140,-35.08,NA
3160,-35.08,NA
3160,-35.39,NA
3180,-35.39,NA
3180,-34.44,NA
3200,-34.44,NA
3200,-34.9,NA
3220,-34.9,NA
3220,-35.21,NA
3240,-35.21,NA
3240,-35.07,NA
3260,-35.07,NA
3260,-34.59,NA
3280,-34.59,NA
3280,-34.61,NA
3300,-34.61,NA
3300,-34.24,NA
3320,-34.24,NA
3320,-34.6,NA
3340,-34.6,NA
3340,-34.05,NA
3360,-34.05,NA
3360,-34.71,NA
3380,-34.71,NA
3380,-34.65,NA
3400,-34.65,NA
3400,-34.85,NA
3420,-34.85,NA
3420,-35.01,NA
3440,-35.01,NA
3440,-34.81,NA
3460,-34.81,NA
3460,-35.26,NA
3480,-35.26,NA
3480,-35.1,NA
3500,-35.1,NA
3500,-34.91,NA
3520,-34.91,NA
3520,-34.22,NA
3540,-34.22,NA
3540,-34.84,NA
3560,-34.84,NA
3560,-34.71,NA
3580,-34.71,NA
3580,-34.84,NA
3600,-34.84,NA
3600,-35.25,NA
3620,-35.25,NA
3620,-34.99,NA
3640,-34.99,NA
3640,-35.01,NA
3660,-35.01,NA
3660,-35.21,NA
3680,-35.21,NA
3680,-34.87,NA
3700,-34.87,NA
3700,-34.44,NA
3720,-34.44,NA
3720,-34.44,NA
3740,-34.44,NA
3740,-34.49,NA
3760,-34.49,NA
3760,-35.19,NA
3780,-35.19,NA
3780,-34.75,NA
3800,-34.75,NA
3800,-34.88,NA
3820,-34.88,NA
3820,-35.11,NA
3840,-35.11,NA
3840,-34.62,NA
3860,-34.62,NA
3860,-34.95,NA
3880,-34.95,NA
3880,-34.42,NA
3900,-34.42,NA
3900,-35.55,NA
3920,-35.55,NA
3920,-34.92,NA
3940,-34.92,NA
3940,-34.42,NA
3960,-34.42,NA
3960,-34.55,NA
3980,-34.55,NA
3980,-35.1,NA
4000,-35.1,NA
4000,-34.62,NA
4020,-34.62,NA
4020,-34.74,NA
4040,-34.74,NA
4040,-34.8,NA
4060,-34.8,NA
4060,-34.54,NA
4080,-34.54,NA
4080,-34.52,NA
4100,-34.52,NA
4100,-34.93,NA
4120,-34.93,NA
4120,-34.3,NA
4140,-34.3,NA
4140,-34.93,NA
4160,-34.93,NA
4160,-34.71,NA
4180,-34.71,NA
4180,-34.97,NA
4200,-34.97,NA
4200,-35.16,NA
4220,-35.16,NA
4220,-34.95,NA
4240,-34.95,NA
4240,-34.51,NA
4260,-34.51,NA
4260,-34.84,NA
4280,-34.84,NA
4280,-34.91,NA
4300,-34.91,NA
4300,-34.83,NA
4320,-34.83,NA
4320,-35.09,NA
4340,-35.09,NA
4340,-34.79,NA
4360,-34.79,NA
4360,-34.67,NA
4380,-34.67,NA
4380,-35.15,NA
4400,-35.15,NA
4400,-34.9,NA
4420,-34.9,NA
4420,-34.3,NA
4440,-34.3,NA
4440,-34.95,NA
4460,-34.95,NA
4460,-34.44,NA
4480,-34.44,NA
4480,-35,NA
4500,-35,NA
4500,-34.88,NA
4520,-34.88,NA
4520,-35.09,NA
4540,-35.09,NA
4540,-34.75,NA
4560,-34.75,NA
4560,-34.92,NA
4580,-34.92,NA
4580,-34.82,NA
4600,-34.82,NA
4600,-34.55,NA
4620,-34.55,NA
4620,-35.33,NA
4640,-35.33,NA
4640,-35.07,NA
4660,-35.07,NA
4660,-35.1,NA
4680,-35.1,NA
4680,-34.81,NA
4700,-34.81,NA
4700,-34.5,NA
4720,-34.5,NA
4720,-35.24,NA
4740,-35.24,NA
4740,-35.09,NA
4760,-35.09,NA
4760,-35.31,NA
4780,-35.31,NA
4780,-35.33,NA
4800,-35.33,NA
4800,-34.66,NA
4820,-34.66,NA
4820,-34.81,NA
4840,-34.81,NA
4840,-35.34,NA
4860,-35.34,NA
4860,-34.47,NA
4880,-34.47,NA
4880,-34.93,NA
4900,-34.93,NA
4900,-34.77,NA
4920,-34.77,NA
4920,-34.77,NA
4940,-34.77,NA
4940,-35.15,NA
4960,-35.15,NA
4960,-34.31,NA
4980,-34.31,NA
4980,-35.09,NA
5000,-35.09,NA
5000,-34.42,NA
5020,-34.42,NA
5020,-34.94,NA
5040,-34.94,NA
5040,-34.66,NA
5060,-34.66,NA
5060,-34.47,NA
5080,-34.47,NA
5080,-34.79,NA
5100,-34.79,NA
5100,-34.59,NA
5120,-34.59,NA
5120,-34.82,NA
5140,-34.82,NA
5140,-34.8,NA
5160,-34.8,NA
5160,-35.27,NA
5180,-35.27,NA
5180,-34.37,NA
5200,-34.37,NA
5200,-34.84,NA
5220,-34.84,NA
5220,-34.87,NA
5240,-34.87,NA
5240,-35.11,NA
5260,-35.11,NA
5260,-34.92,NA
5280,-34.92,NA
5280,-34.83,NA
5300,-34.83,NA
5300,-35.45,NA
5320,-35.45,NA
5320,-34.96,NA
5340,-34.96,NA
5340,-35.15,NA
5360,-35.15,NA
5360,-34.86,NA
5380,-34.86,NA
5380,-34.8,NA
5400,-34.8,NA
5400,-35.35,NA
5420,-35.35,NA
5420,-34.41,NA
5440,-34.41,NA
5440,-34.89,NA
5460,-34.89,NA
5460,-35.27,NA
5480,-35.27,NA
5480,-34.68,NA
5500,-34.68,NA
5500,-34.84,NA
5520,-34.84,NA
5520,-35.15,NA
5540,-35.15,NA
5540,-34.55,NA
5560,-34.55,NA
5560,-34.93,NA
5580,-34.93,NA
5580,-34.93,NA
5600,-34.93,NA
5600,-34.28,NA
5620,-34.28,NA
5620,-35.33,NA
5640,-35.33,NA
5640,-34.31,NA
5660,-34.31,NA
5660,-34.76,NA
5680,-34.76,NA
5680,-34.82,NA
5700,-34.82,NA
5700,-34.67,NA
5720,-34.67,NA
5720,-34.66,NA
5740,-34.66,NA
5740,-34.87,NA
5760,-34.87,NA
5760,-34.85,NA
5780,-34.85,NA
5780,-34.92,NA
5800,-34.92,NA
5800,-34.64,NA
5820,-34.64,NA
5820,-34.16,NA
5840,-34.16,NA
5840,-35.26,NA
5860,-35.26,NA
5860,-35.27,NA
5880,-35.27,NA
5880,-34.76,NA
5900,-34.76,NA
5900,-34.71,NA
5920,-34.71,NA
5920,-34.28,NA
5940,-34.28,NA
5940,-34.92,NA
5960,-34.92,NA
5960,-34.75,NA
5980,-34.75,NA
5980,-34.9,NA
6000,-34.9,NA
6000,-35.04,NA
6020,-35.04,NA
6020,-35.09,NA
6040,-35.09,NA
6040,-35.39,NA
6060,-35.39,NA
6060,-34.99,NA
6080,-34.99,NA
6080,-34.48,NA
6100,-34.48,NA
6100,-35.24,NA
6120,-35.24,NA
6120,-34.9,NA
6140,-34.9,NA
6140,-34.68,NA
6160,-34.68,NA
6160,-34.72,NA
6180,-34.72,NA
6180,-34.88,NA
6200,-34.88,NA
6200,-34.33,NA
6220,-34.33,NA
6220,-35.31,NA
6240,-35.31,NA
6240,-35.01,NA
6260,-35.01,NA
6260,-35,NA
6280,-35,NA
6280,-34.36,NA
6300,-34.36,NA
6300,-35.11,NA
6320,-35.11,NA
6320,-35.19,NA
6340,-35.19,NA
6340,-34.53,NA
6360,-34.53,NA
6360,-34.97,NA
6380,-34.97,NA
6380,-35.35,NA
6400,-35.35,NA
6400,-34.42,NA
6420,-34.42,NA
6420,-35.26,NA
6440,-35.26,NA
6440,-34.5,NA
6460,-34.5,NA
6460,-35.18,NA
6480,-35.18,NA
6480,-34.89,NA
6500,-34.89,NA
6500,-34.87,NA
6520,-34.87,NA
6520,-34.71,NA
6540,-34.71,NA
6540,-35.25,NA
6560,-35.25,NA
6560,-34.47,NA
6580,-34.47,NA
6580,-34.65,NA
6600,-34.65,NA
6600,-34.75,NA
6620,-34.75,NA
6620,-35.02,NA
6640,-35.02,NA
6640,-34.78,NA
6660,-34.78,NA
6660,-34.74,NA
6680,-34.74,NA
6680,-34.73,NA
6700,-34.73,NA
6700,-35.12,NA
6720,-35.12,NA
6720,-34.87,NA
6740,-34.87,NA
6740,-34.54,NA
6760,-34.54,NA
6760,-34.64,NA
6780,-34.64,NA
6780,-34.26,NA
6800,-34.26,NA
6800,-35.11,NA
6820,-35.11,NA
6820,-34.13,NA
6840,-34.13,NA
6840,-35.14,NA
6860,-35.14,NA
6860,-34.75,NA
6880,-34.75,NA
6880,-35.07,NA
6900,-35.07,NA
6900,-34.97,NA
6920,-34.97,NA
6920,-34.84,NA
6940,-34.84,NA
6940,-34.62,NA
6960,-34.62,NA
6960,-34.88,NA
6980,-34.88,NA
6980,-34.24,NA
7000,-34.24,NA
7000,-35.07,NA
7020,-35.07,NA
7020,-34.76,NA
7040,-34.76,NA
7040,-34.54,NA
7060,-34.54,NA
7060,-34.76,NA
7080,-34.76,NA
7080,-34.92,NA
7100,-34.92,NA
7100,-34.58,NA
7120,-34.58,NA
7120,-34.65,NA
7140,-34.65,NA
7140,-35.15,NA
7160,-35.15,NA
7160,-35.67,NA
7180,-35.67,NA
7180,-34.37,NA
7200,-34.37,NA
7200,-34.51,NA
7220,-34.51,NA
7220,-35.16,NA
7240,-35.16,NA
7240,-34.5,NA
7260,-34.5,NA
7260,-34.5,NA
7280,-34.5,NA
7280,-34.71,NA
7300,-34.71,NA
7300,-34.36,NA
7320,-34.36,NA
7320,-34.17,NA
7340,-34.17,NA
7340,-34.59,NA
7360,-34.59,NA
7360,-34.8,NA
7380,-34.8,NA
7380,-34.22,NA
7400,-34.22,NA
7400,-34.61,NA
7420,-34.61,NA
7420,-34.77,NA
7440,-34.77,NA
7440,-34.47,NA
7460,-34.47,NA
7460,-34.62,NA
7480,-34.62,NA
7480,-34.66,NA
7500,-34.66,NA
7500,-34.71,NA
7520,-34.71,NA
7520,-34.62,NA
7540,-34.62,NA
7540,-34.88,NA
7560,-34.88,NA
7560,-34.57,NA
7580,-34.57,NA
7580,-34.79,NA
7600,-34.79,NA
7600,-34.22,NA
7620,-34.22,NA
7620,-34.88,NA
7640,-34.88,NA
7640,-34.58,NA
7660,-34.58,NA
7660,-34.83,NA
7680,-34.83,NA
7680,-34.9,NA
7700,-34.9,NA
7700,-34.87,NA
7720,-34.87,NA
7720,-34.23,NA
7740,-34.23,NA
7740,-33.96,NA
7760,-33.96,NA
7760,-34.5,NA
7780,-34.5,NA
7780,-34.57,NA
7800,-34.57,NA
7800,-34.83,NA
7820,-34.83,NA
7820,-34.37,NA
7840,-34.37,NA
7840,-34.43,NA
7860,-34.43,NA
7860,-34.3,NA
7880,-34.3,NA
7880,-34.9,NA
7900,-34.9,NA
7900,-34.85,10.88
7920,-34.85,10.88
7920,-34.88,14.42
7940,-34.88,14.42
7940,-34.59,13.28
7960,-34.59,13.28
7960,-34.76,8.199999999999998
7980,-34.76,8.199999999999998
7980,-34.26,9.76
8000,-34.26,9.76
8000,-34.29,11.54
8020,-34.29,11.54
8020,-34.7,13.15
8040,-34.7,13.15
8040,-35.11,11.18
8060,-35.11,11.18
8060,-35.16,11.89
8080,-35.16,11.89
8080,-35.26,10.91
8100,-35.26,10.91
8100,-34.86,10.55
8120,-34.86,10.55
8120,-35.12,NA
8140,-35.12,NA
8140,-35.92,NA
8160,-35.92,NA
8160,-36.01,8.39
8180,-36.01,8.39
8180,-35.17,8.56
8200,-35.17,8.56
8200,-35.95,8.13
8220,-35.95,8.13
8220,-36.05,9.69
8240,-36.05,9.69
8240,-36.63,7.36
8260,-36.63,7.36
8260,-35.28,6.47
8280,-35.28,6.47
8280,-34.87,6.94
8300,-34.87,6.94
8300,-34.67,7.34
8320,-34.67,7.34
8320,-34.83,5.73
8340,-34.83,5.73
8340,-34.9,9.74
8360,-34.9,9.74
8360,-35.04,11.06
8380,-35.04,11.06
8380,-34.46,8.99
8400,-34.46,8.99
8400,-34.97,8.93
8420,-34.97,8.93
8420,-35.04,8.88
8440,-35.04,8.88
8440,-34.62,10.18
8460,-34.62,10.18
8460,-35.28,6.71
8480,-35.28,6.71
8480,-34.52,4.62
8500,-34.52,4.62
8500,-34.63,7.2
8520,-34.63,7.2
8520,-34.85,6.89
8540,-34.85,6.89
8540,-34.79,9.75
8560,-34.79,9.75
8560,-34.69,6.72
8580,-34.69,6.72
8580,-34.46,7.58
8600,-34.46,7.58
8600,-34.4,5.97
8620,-34.4,5.97
8620,-34.72,6.47
8640,-34.72,6.47
8640,-35.18,7.32
8660,-35.18,7.32
8660,-35.16,6.77
8680,-35.16,6.77
8680,-35.14,5.59
8700,-35.14,5.59
8700,-34.69,3.76
8720,-34.69,3.76
8720,-35.54,5.5
8740,-35.54,5.5
8740,-34.41,4.64
8760,-34.41,4.64
8760,-34.86,5.22
8780,-34.86,5.22
8780,-34.72,5.35
8800,-34.72,5.35
8800,-35.24,6.2
8820,-35.24,6.2
8820,-34.87,7.03
8840,-34.87,7.03
8840,-34.46,7.6
8860,-34.46,7.6
8860,-35.26,7.22
8880,-35.26,7.22
8880,-34.53,6.95
8900,-34.53,6.95
8900,-34.41,5.99
8920,-34.41,5.99
8920,-34.16,4.54
8940,-34.16,4.54
8940,-33.93,10.63
8960,-33.93,10.63
8960,-34.47,5.39
8980,-34.47,5.39
8980,-33.95,6.55
9000,-33.95,6.55
9000,-34.84,9.79
9020,-34.84,9.79
9020,-34.7,8.67
9040,-34.7,8.67
9040,-35.25,6.77
9060,-35.25,6.77
9060,-34.91,7.25
9080,-34.91,7.25
9080,-34.78,9.15
9100,-34.78,9.15
9100,-34.77,9.73
9120,-34.77,9.73
9120,-35,6.44
9140,-35,6.44
9140,-33.58,5.15
9160,-33.58,5.15
9160,-34.57,5.98
9180,-34.57,5.98
9180,-34.41,5.7
9200,-34.41,5.7
9200,-34.43,6.3
9220,-34.43,6.3
9220,-34.99,6.18
9240,-34.99,6.18
9240,-34.75,4.82
9260,-34.75,4.82
9260,-35.04,5.57
9280,-35.04,5.57
9280,-35.86,7.94
9300,-35.86,7.94
9300,-34.91,7.47
9320,-34.91,7.47
9320,-34.45,5
9340,-34.45,5
9340,-34.5,4.73
9360,-34.5,4.73
9360,-34.47,6.72
9380,-34.47,6.72
9380,-34.83,4.3
9400,-34.83,4.3
9400,-34.18,6.03
9420,-34.18,6.03
9420,-34.4,3.89
9440,-34.4,3.89
9440,-34.62,7.88
9460,-34.62,7.88
9460,-34.33,7.39
9480,-34.33,7.39
9480,-34.36,6.12
9500,-34.36,6.12
9500,-34.6,8.01
9520,-34.6,8.01
9520,-34.44,6.94
9540,-34.44,6.94
9540,-34.53,6.2
9560,-34.53,6.2
9560,-35.47,8.4
9580,-35.47,8.4
9580,-34.63,9.73
9600,-34.63,9.73
9600,-34.43,19.32
9620,-34.43,19.32
9620,-34.71,7.95
9640,-34.71,7.95
9640,-34.81,7.48
9660,-34.81,7.48
9660,-34.88,9.53
9680,-34.88,9.53
9680,-34.4,8.1
9700,-34.4,8.1
9700,-34.04,7
9720,-34.04,7
9720,-34.99,7.72
9740,-34.99,7.72
9740,-34.57,6.93
9760,-34.57,6.93
9760,-34.92,6.88
9780,-34.92,6.88
9780,-35.01,9.04
9800,-35.01,9.04
9800,-35.1,7.87
9820,-35.1,7.87
9820,-34.25,9.56
9840,-34.25,9.56
9840,-34.81,9.32
9860,-34.81,9.32
9860,-34.63,8.5
9880,-34.63,8.5
9880,-34.63,8.14
9900,-34.63,8.14
9900,-34.6,7.37
9920,-34.6,7.37
9920,-34.73,7.62
9940,-34.73,7.62
9940,-35.44,6.68
9960,-35.44,6.68
9960,-34.05,7.49
9980,-34.05,7.49
9980,-34.83,9.77
10000,-34.83,9.77
10000,-34.6,6.96
10020,-34.6,6.96
10020,-34.82,5.91
10040,-34.82,5.91
10040,-35.24,6.63
10060,-35.24,6.63
10060,-35.31,7.23
10080,-35.31,7.23
10080,-35.4,5.88
10100,-35.4,5.88
10100,-35.42,4.85
10120,-35.42,4.85
10120,-34.7,6.28
10140,-34.7,6.28
10140,-35.65,5.48
10160,-35.65,5.48
10160,-34.9,5.91
10180,-34.9,5.91
10180,-34.69,6.01
10200,-34.69,6.01
10200,-35.38,7.11
10220,-35.38,7.11
10220,-35.3,6.2
10240,-35.3,6.2
10240,-35.53,5.45
10260,-35.53,5.45
10260,-35.7,7.64
10280,-35.7,7.64
10280,-35.49,9.56
10300,-35.49,9.56
10300,-35.46,5.2
10320,-35.46,5.2
10320,-35.23,9.08
10340,-35.23,9.08
10340,-35.58,11.62
10360,-35.58,11.62
10360,-35.26,5.79
10380,-35.26,5.79
10380,-36.41,5.25
10400,-36.41,5.25
10400,-36.06,7.89
10420,-36.06,7.89
10420,-35.47,7.17
10440,-35.47,7.17
10440,-35.1,6.28
10460,-35.1,6.28
10460,-35.17,NA
10480,-35.17,NA
10480,-35.22,9.44
10500,-35.22,9.44
10500,-35.53,9.3
10520,-35.53,9.3
10520,-35.92,5.9
10540,-35.92,5.9
10540,-35.64,6.07
10560,-35.64,6.07
10560,-36.31,7.33
10580,-36.31,7.33
10580,-35.82,9.09
10600,-35.82,9.09
10600,-35.47,8.3
10620,-35.47,8.3
10620,-35.44,7.79
10640,-35.44,7.79
10640,-36.09,6.41
10660,-36.09,6.41
10660,-35.83,6.5
10680,-35.83,6.5
10680,-36.27,7.8
10700,-36.27,7.8
10700,-35.71,8.08
10720,-35.71,8.08
10720,-36.14,8.01
10740,-36.14,8.01
10740,-36.1,9.06
10760,-36.1,9.06
10760,-35.62,8.779999999999998
10780,-35.62,8.779999999999998
10780,-36.19,5.42
10800,-36.19,5.42
10800,-35.99,9.19
10820,-35.99,9.19
10820,-36.65,8.09
10840,-36.65,8.09
10840,-36.54,7.85
10860,-36.54,7.85
10860,-36.33,8.82
10880,-36.33,8.82
10880,-36.7,10.88
10900,-36.7,10.88
10900,-36.44,8.52
10920,-36.44,8.52
10920,-36.8,9.38
10940,-36.8,9.38
10940,-36.44,8.13
10960,-36.44,8.13
10960,-36.87,NA
10980,-36.87,NA
10980,-36.93,11.23
11000,-36.93,11.23
11000,-36.12,9.48
11020,-36.12,9.48
11020,-36.34,10.84
11040,-36.34,10.84
11040,-36.37,8.65
11060,-36.37,8.65
11060,-36.15,11.34
11080,-36.15,11.34
11080,-37.32,11.19
11100,-37.32,11.19
11100,-36.88,8.199999999999998
11120,-36.88,8.199999999999998
11120,-36.34,8.46
11140,-36.34,8.46
11140,-37.56,8.12
11160,-37.56,8.12
11160,-36.66,9.18
11180,-36.66,9.18
11180,-36.88,11.09
11200,-36.88,11.09
11200,-36.69,11.34
11220,-36.69,11.34
11220,-37.13,9.76
11240,-37.13,9.76
11240,-36.38,8.61
11260,-36.38,8.61
11260,-36.02,8.63
11280,-36.02,8.63
11280,-36.11,9.33
11300,-36.11,9.33
11300,-36.96,14.18
11320,-36.96,14.18
11320,-37.01,13.32
11340,-37.01,13.32
11340,-36.9,11.84
11360,-36.9,11.84
11360,-37.35,12.15
11380,-37.35,12.15
11380,-38.02,12.91
11400,-38.02,12.91
11400,-37.88,17.52
11420,-37.88,17.52
11420,-37.82,23.3
11440,-37.82,23.3
11440,-37.44,16.31
11460,-37.44,16.31
11460,-38.17,23.67
11480,-38.17,23.67
11480,-36.91,15.36
11500,-36.91,15.36
11500,-37.04,22.89
11520,-37.04,22.89
11520,-37.26,14.07
11540,-37.26,14.07
11540,-35.95,10.91
11560,-35.95,10.91
11560,-36.69,8.69
11580,-36.69,8.69
11580,-36.32,9.11
11600,-36.32,9.11
11600,-37.18,10.64
11620,-37.18,10.64
11620,-36.72,9.81
11640,-36.72,9.81
11640,-36.66,12.06
11660,-36.66,12.06
11660,-37.84,14.92
11680,-37.84,14.92
11680,-38.85,32.39
11700,-38.85,32.39
11700,-40.51,81.8
11720,-40.51,81.8
11720,-40.38,77.93
11740,-40.38,77.93
11740,-39.33,78
11760,-39.33,78
11760,-39.67,91.52
11780,-39.67,91.52
11780,-40.97,81.75
11800,-40.97,81.75
11800,-40.66,90.79
11820,-40.66,90.79
11820,-39.74,81.77
11840,-39.74,81.77
11840,-41.4,130.58
11860,-41.4,130.58
11860,-39.31,101.45
11880,-39.31,101.45
11880,-41.18,115.34
11900,-41.18,115.34
11900,-41.62,105.13
11920,-41.62,105.13
11920,-40.41,108.82
11940,-40.41,108.82
11940,-40,92.25
11960,-40,92.25
11960,-40.09,110.52
11980,-40.09,110.52
11980,-39.66,96.86
12000,-39.66,96.86
12000,-40.85,116.36
12020,-40.85,116.36
12020,-40.29,75.41
12040,-40.29,75.41
12040,-40.17,68.95
12060,-40.17,68.95
12060,-40.07,118.32
12080,-40.07,118.32
12080,-40.13,94.23
12100,-40.13,94.23
12100,-39.82,138.68
12120,-39.82,138.68
12120,-40.64,91.58
12140,-40.64,91.58
12140,-40.68,119.7
12160,-40.68,119.7
12160,-41.5,167.14
12180,-41.5,167.14
12180,-39.48,105.22
12200,-39.48,105.22
12200,-41.7,153.1
12220,-41.7,153.1
12220,-40.78,141.49
12240,-40.78,141.49
12240,-38.6,103.55
12260,-38.6,103.55
12260,-41.08,144.65
12280,-41.08,144.65
12280,-40.87,148.2
12300,-40.87,148.2
12300,-40.9,191.36
12320,-40.9,191.36
12320,-39.39,162.1
12340,-39.39,162.1
12340,-41.24,142.12
12360,-41.24,142.12
12360,-40.18,157.53
12380,-40.18,157.53
12380,-41.9,127.48
12400,-41.9,127.48
12400,-38.83,121.87
12420,-38.83,121.87
12420,-40.31,129.64
12440,-40.31,129.64
12440,-41.11,154.09
12460,-41.11,154.09
12460,-39.62,140.05
12480,-39.62,140.05
12480,-40.17,156.23
12500,-40.17,156.23
12500,-40.88,226.62
12520,-40.88,226.62
12520,-40.53,187.08
12540,-40.53,187.08
12540,-41.6,220.9
12560,-41.6,220.9
12560,-41.58,153.99
12580,-41.58,153.99
12580,-41.1,220.22
12600,-41.1,220.22
12600,-41.61,285.33
12620,-41.61,285.33
12620,-39.95,224.81
12640,-39.95,224.81
12640,-42.37,193.81
12660,-42.37,193.81
12660,-40.55,222.88
12680,-40.55,222.88
12680,-41.77,231.04
12700,-41.77,231.04
12700,-41.72,159.87
12720,-41.72,159.87
12720,-42.07,234.9
12740,-42.07,234.9
12740,-41.83,143.74
12760,-41.83,143.74
12760,-40.56,115.47
12780,-40.56,115.47
12780,-40.59,100.18
12800,-40.59,100.18
12800,-41.04,65.42
12820,-41.04,65.42
12820,-39.15,56.7
12840,-39.15,56.7
12840,-39.63,49.92
12860,-39.63,49.92
12860,-38.74,39.74
12880,-38.74,39.74
12880,-39.33,30.93
12900,-39.33,30.93
12900,-37.9,28.15
12920,-37.9,28.15
12920,-38,22.76
12940,-38,22.76
12940,-38.96,22.09
12960,-38.96,22.09
12960,-37.69,19.81
12980,-37.69,19.81
12980,-38.24,21.77
13000,-38.24,21.77
13000,-38.79,32.29
13020,-38.79,32.29
13020,-38.72,44.06
13040,-38.72,44.06
13040,-38.78,31.06
13060,-38.78,31.06
13060,-38.96,33.42
13080,-38.96,33.42
13080,-39.43,38.89
13100,-39.43,38.89
13100,-39.65,49.93
13120,-39.65,49.93
13120,-40.52,50.08
13140,-40.52,50.08
13140,-40.19,64.68
13160,-40.19,64.68
13160,-39.48,51.03
13180,-39.48,51.03
13180,-39.9,50.12
13200,-39.9,50.12
13200,-40.58,65.46
13220,-40.58,65.46
13220,-39.11,53.9
13240,-39.11,53.9
13240,-39.4,39.83
13260,-39.4,39.83
13260,-39.48,35.95
13280,-39.48,35.95
13280,-38.34,32.97
13300,-38.34,32.97
13300,-39.48,27.62
13320,-39.48,27.62
13320,-38.16,25.03
13340,-38.16,25.03
13340,-37.41,29.5
13360,-37.41,29.5
13360,-38.17,28.87
13380,-38.17,28.87
13380,-37.84,23.84
13400,-37.84,23.84
13400,-38.32,21.18
13420,-38.32,21.18
13420,-37.26,26.05
13440,-37.26,26.05
13440,-37.96,22.38
13460,-37.96,22.38
13460,-38.08,26.22
13480,-38.08,26.22
13480,-37.52,34.46
13500,-37.52,34.46
13500,-36.31,33.52
13520,-36.31,33.52
13520,-37.08,22.2
13540,-37.08,22.2
13540,-37.21,31.11
13560,-37.21,31.11
13560,-37.62,25.98
13580,-37.62,25.98
13580,-37.66,35.68
13600,-37.66,35.68
13600,-39.65,50.97
13620,-39.65,50.97
13620,-39.14,52.4
13640,-39.14,52.4
13640,-37.72,39.94
13660,-37.72,39.94
13660,-37.83,27.37
13680,-37.83,27.37
13680,-37.4,22.69
13700,-37.4,22.69
13700,-38.18,22.87
13720,-38.18,22.87
13720,-37.47,25.88
13740,-37.47,25.88
13740,-37.16,30.3
13760,-37.16,30.3
13760,-37.62,25.52
13780,-37.62,25.52
13780,-37.88,31.31
13800,-37.88,31.31
13800,-37.88,27.06
13820,-37.88,27.06
13820,-37.71,30.22
13840,-37.71,30.22
13840,-38.17,28.31
13860,-38.17,28.31
13860,-36.91,31.98
13880,-36.91,31.98
13880,-38.39,31.33
13900,-38.39,31.33
13900,-36.9,32.39
13920,-36.9,32.39
13920,-37.27,23.58
13940,-37.27,23.58
13940,-37.45,38.93
13960,-37.45,38.93
13960,-38.12,34.95
13980,-38.12,34.95
13980,-38.61,41.47
14000,-38.61,41.47
14000,-39.97,64.91
14020,-39.97,64.91
14020,-39.2,66.43
14040,-39.2,66.43
14040,-39.42,51.95
14060,-39.42,51.95
14060,-39.05,41.49
14080,-39.05,41.49
14080,-37.03,23.12
14100,-37.03,23.12
14100,-37.35,26.37
14120,-37.35,26.37
14120,-37.16,29.84
14140,-37.16,29.84
14140,-37.55,28.43
14160,-37.55,28.43
14160,-38.22,38.3
14180,-38.22,38.3
14180,-37.14,22.61
14200,-37.14,22.61
14200,-36.96,25.39
14220,-36.96,25.39
14220,-37.24,18.28
14240,-37.24,18.28
14240,-36.48,24.27
14260,-36.48,24.27
14260,-36.63,27.3
14280,-36.63,27.3
14280,-35.97,24.43
14300,-35.97,24.43
14300,-35.63,26.39
14320,-35.63,26.39
14320,-35.42,20.44
14340,-35.42,20.44
14340,-36.28,23.09
14360,-36.28,23.09
14360,-36.57,25.52
14380,-36.57,25.52
14380,-35.78,28.12
14400,-35.78,28.12
14400,-36.33,24.58
14420,-36.33,24.58
14420,-35.92,27.41
14440,-35.92,27.41
14440,-35.73,21.72
14460,-35.73,21.72
14460,-36.27,20.01
14480,-36.27,20.01
14480,-34.69,18.38
14500,-34.69,18.38
14500,-35.01,20.85
14520,-35.01,20.85
14520,-35.67,17.83
14540,-35.67,17.83
14540,-35.06,25.02
14560,-35.06,25.02
14560,-35.86,22.95
14580,-35.86,22.95
14580,-35.25,16.9
14600,-35.25,16.9
14600,-36.34,18.01
14620,-36.34,18.01
14620,-36.93,35.7
14640,-36.93,35.7
14640,-35.81,27.43
14660,-35.81,27.43
14660,-37.58,33.97
14680,-37.58,33.97
14680,-38.6,64.65
14700,-38.6,64.65
14700,-38.56,93.29
14720,-38.56,93.29
14720,-39.89,114.57
14740,-39.89,114.57
14740,-40.5,125.03
14760,-40.5,125.03
14760,-40.46,169.13
14780,-40.46,169.13
14780,-39.13,135.71
14800,-39.13,135.71
14800,-38.73,121.52
14820,-38.73,121.52
14820,-39.96,136.69
14840,-39.96,136.69
14840,-39.33,132.42
14860,-39.33,132.42
14860,-39.55,120.68
14880,-39.55,120.68
14880,-39.7,136.99
14900,-39.7,136.99
14900,-41.28,121.19
14920,-41.28,121.19
14920,-38.15,124.27
14940,-38.15,124.27
14940,-39.43,132.98
14960,-39.43,132.98
14960,-39.15,165.32
14980,-39.15,165.32
14980,-39.76,176.83
15000,-39.76,176.83
15000,-38.55,156.23
15020,-38.55,156.23
15020,-40.57,149.44
15040,-40.57,149.44
15040,-39.62,160.22
15060,-39.62,160.22
15060,-39.51,177.69
15080,-39.51,177.69
15080,-40.5,181.83
15100,-40.5,181.83
15100,-39.74,178.07
15120,-39.74,178.07
15120,-39.31,166.79
15140,-39.31,166.79
15140,-40.18,168.77
15160,-40.18,168.77
15160,-40.16,178.29
15180,-40.16,178.29
15180,-39.41,234.06
15200,-39.41,234.06
15200,-39.32,176.02
15220,-39.32,176.02
15220,-39.54,178.59
15240,-39.54,178.59
15240,-38.58,163.97
15260,-38.58,163.97
15260,-38.57,143.5
15280,-38.57,143.5
15280,-39.61,277.77
15300,-39.61,277.77
15300,-39.12,174.57
15320,-39.12,174.57
15320,-40.01,159.6
15340,-40.01,159.6
15340,-39.22,180.46
15360,-39.22,180.46
15360,-39.49,217.77
15380,-39.49,217.77
15380,-39.27,212.08
15400,-39.27,212.08
15400,-39.03,186
15420,-39.03,186
15420,-40.15,185.13
15440,-40.15,185.13
15440,-39.75,166.45
15460,-39.75,166.45
15460,-40.47,151.49
15480,-40.47,151.49
15480,-39.4,152.56
15500,-39.4,152.56
15500,-39.17,189.84
15520,-39.17,189.84
15520,-40.58,176.47
15540,-40.58,176.47
15540,-39.81,179.25
15560,-39.81,179.25
15560,-42.2,236.39
15580,-42.2,236.39
15580,-40.2,169.42
15600,-40.2,169.42
15600,-40.7,186.36
15620,-40.7,186.36
15620,-39.02,177.72
15640,-39.02,177.72
15640,-39.05,178.97
15660,-39.05,178.97
15660,-38.7,179.49
15680,-38.7,179.49
15680,-40.59,191.26
15700,-40.59,191.26
15700,-38.49,166.14
15720,-38.49,166.14
15720,-39.12,182.52
15740,-39.12,182.52
15740,-42.52,234.4
15760,-42.52,234.4
15760,-39.61,188.11
15780,-39.61,188.11
15780,-40.09,195.2
15800,-40.09,195.2
15800,-39.77,231.36
15820,-39.77,231.36
15820,-39.57,214.71
15840,-39.57,214.71
15840,-40.52,222.22
15860,-40.52,222.22
15860,-39.76,189.02
15880,-39.76,189.02
15880,-40.38,185.98
15900,-40.38,185.98
15900,-39.3,228.31
15920,-39.3,228.31
15920,-40.34,221.92
15940,-40.34,221.92
15940,-39.42,232.73
15960,-39.42,232.73
15960,-40.25,201.14
15980,-40.25,201.14
15980,-39.69,241.47
16000,-39.69,241.47
16000,-41.5,327.75
16020,-41.5,327.75
16020,-41.11,292.55
16040,-41.11,292.55
16040,-40.66,331.66
16060,-40.66,331.66
16060,-40.58,342.3
16080,-40.58,342.3
16080,-41.39,318.79
16100,-41.39,318.79
16100,-40.5,273.21
16120,-40.5,273.21
16120,-41.16,455.61
16140,-41.16,455.61
16140,-41.82,347.85
16160,-41.82,347.85
16160,-39.57,273.07
16180,-39.57,273.07
16180,-39.34,225.09
16200,-39.34,225.09
16200,-39.33,229.89
16220,-39.33,229.89
16220,-40.44,336.41
16240,-40.44,336.41
16240,-39.92,272.01
16260,-39.92,272.01
16260,-38.49,205.99
16280,-38.49,205.99
16280,-38.89,264.75
16300,-38.89,264.75
16300,-39.09,226.78
16320,-39.09,226.78
16320,-39.49,305.57
16340,-39.49,305.57
16340,-39.44,215.63
16360,-39.44,215.63
16360,-38.78,295.01
16380,-38.78,295.01
16380,-40.7,251.99
16400,-40.7,251.99
16400,-39.1,233.36
16420,-39.1,233.36
16420,-39.55,354.24
16440,-39.55,354.24
16440,-40.38,284.64
16460,-40.38,284.64
16460,-40.59,316.55
16480,-40.59,316.55
16480,-40.03,382.06
16500,-40.03,382.06
16500,-39.22,251.15
16520,-39.22,251.15
16520,-40.06,352.09
16540,-40.06,352.09
16540,-38.22,365.55
16560,-38.22,365.55
16560,-38.78,241.39
16580,-38.78,241.39
16580,-38.97,308.6
16600,-38.97,308.6
16600,-38.54,367.76
16620,-38.54,367.76
16620,-39.81,341.64
16640,-39.81,341.64
16640,-39.6,324.13
16660,-39.6,324.13
16660,-39.87,285.82
16680,-39.87,285.82
16680,-39.61,357.95
16700,-39.61,357.95
16700,-39.7,287.38
16720,-39.7,287.38
16720,-40.27,410.09
16740,-40.27,410.09
16740,-40.58,485.6
16760,-40.58,485.6
16760,-40.89,443.85
16780,-40.89,443.85
16780,-38.15,330.6
16800,-38.15,330.6
16800,-39.51,410.16
16820,-39.51,410.16
16820,-40.23,445.34
16840,-40.23,445.34
16840,-38.59,275.92
16860,-38.59,275.92
16860,-40.61,443.47
16880,-40.61,443.47
16880,-39.53,388.63
16900,-39.53,388.63
16900,-40.23,440.97
16920,-40.23,440.97
16920,-40.39,339.93
16940,-40.39,339.93
16940,-41.43,465.44
16960,-41.43,465.44
16960,-40.04,367.4
16980,-40.04,367.4
16980,-40.11,376.8
17000,-40.11,376.8
17000,-39.46,349.63
17020,-39.46,349.63
17020,-39.6,303.65
17040,-39.6,303.65
17040,-40.58,310.33
17060,-40.58,310.33
17060,-39.06,339.85
17080,-39.06,339.85
17080,-38.68,320.7
17100,-38.68,320.7
17100,-39.64,312.78
17120,-39.64,312.78
17120,-41.1,404.95
17140,-41.1,404.95
17140,-40.03,373.13
17160,-40.03,373.13
17160,-40.11,481.47
17180,-40.11,481.47
17180,-39.76,316.18
17200,-39.76,316.18
17200,-38.31,294.37
17220,-38.31,294.37
17220,-40.21,298.18
17240,-40.21,298.18
17240,-41.38,433.84
17260,-41.38,433.84
17260,-39.96,377.51
17280,-39.96,377.51
17280,-40.34,337.97
17300,-40.34,337.97
17300,-39.82,352.43
17320,-39.82,352.43
17320,-39.72,411.59
17340,-39.72,411.59
17340,-39.57,391.8
17360,-39.57,391.8
17360,-40.66,344.38
17380,-40.66,344.38
17380,-40.71,468.03
17400,-40.71,468.03
17400,-41.07,458.35
17420,-41.07,458.35
17420,-40.95,435.94
17440,-40.95,435.94
17440,-39.72,350.18
17460,-39.72,350.18
17460,-39.42,384.89
17480,-39.42,384.89
17480,-38.64,307.33
17500,-38.64,307.33
17500,-38.45,267.31
17520,-38.45,267.31
17520,-38.7,279.76
17540,-38.7,279.76
17540,-39.36,314.22
17560,-39.36,314.22
17560,-39.49,227.55
17580,-39.49,227.55
17580,-39.29,219.01
17600,-39.29,219.01
17600,-39,233.42
17620,-39,233.42
17620,-39.71,224.35
17640,-39.71,224.35
17640,-38,158.49
17660,-38,158.49
17660,-37.61,177.67
17680,-37.61,177.67
17680,-39.85,185.63
17700,-39.85,185.63
17700,-39.84,227.83
17720,-39.84,227.83
17720,-38.12,209.24
17740,-38.12,209.24
17740,-37.38,206.22
17760,-37.38,206.22
17760,-38.92,226.29
17780,-38.92,226.29
17780,-40.35,196.7
17800,-40.35,196.7
17800,-38.52,137.53
17820,-38.52,137.53
17820,-38.57,162.14
17840,-38.57,162.14
17840,-39.85,194.13
17860,-39.85,194.13
17860,-38.03,188.4
17880,-38.03,188.4
17880,-37,215.18
17900,-37,215.18
17900,-39.33,266.14
17920,-39.33,266.14
17920,-38.1,263.79
17940,-38.1,263.79
17940,-39.32,311.54
17960,-39.32,311.54
17960,-38.38,225.07
17980,-38.38,225.07
17980,-38.72,218.84
18000,-38.72,218.84
18000,-39.44,245.09
18020,-39.44,245.09
18020,-39.4,336.26
18040,-39.4,336.26
18040,-39.48,241.08
18060,-39.48,241.08
18060,-38.14,196.74
18080,-38.14,196.74
18080,-40.92,191.82
18100,-40.92,191.82
18100,-40.19,198.2
18120,-40.19,198.2
18120,-40.1,201.5
18140,-40.1,201.5
18140,-38.08,161.09
18160,-38.08,161.09
18160,-37.61,154.21
18180,-37.61,154.21
18180,-38.26,159.64
18200,-38.26,159.64
18200,-39.09,231.36
18220,-39.09,231.36
18220,-39.12,264.36
18240,-39.12,264.36
18240,-39.5,167.34
18260,-39.5,167.34
18260,-40.31,202.5
18280,-40.31,202.5
18280,-38.85,230.55
18300,-38.85,230.55
18300,-38.02,254.77
18320,-38.02,254.77
18320,-39.97,175.55
18340,-39.97,175.55
18340,-40.05,232.95
18360,-40.05,232.95
18360,-37.93,194.2
18380,-37.93,194.2
18380,-38.58,203.62
18400,-38.58,203.62
18400,-38.28,159.1
18420,-38.28,159.1
18420,-38.13,154.23
18440,-38.13,154.23
18440,-37.8,153.78
18460,-37.8,153.78
18460,-38.28,158.68
18480,-38.28,158.68
18480,-39.85,118.23
18500,-39.85,118.23
18500,-38.58,168.6
18520,-38.58,168.6
18520,-38.69,180.28
18540,-38.69,180.28
18540,-39.08,145.61
18560,-39.08,145.61
18560,-39.86,153.19
18580,-39.86,153.19
18580,-37.86,171.71
18600,-37.86,171.71
18600,-41.11,224.56
18620,-41.11,224.56
18620,-37.39,175.12
18640,-37.39,175.12
18640,-38.34,173.67
18660,-38.34,173.67
18660,-38.89,175.99
18680,-38.89,175.99
18680,-39.01,219.53
18700,-39.01,219.53
18700,-38.18,181.26
18720,-38.18,181.26
18720,-39.31,191.76
18740,-39.31,191.76
18740,-38.24,195.17
18760,-38.24,195.17
18760,-40.05,197.73
18780,-40.05,197.73
18780,-40.38,193.2
18800,-40.38,193.2
18800,-40.14,171.4
18820,-40.14,171.4
18820,-40.07,188.2
18840,-40.07,188.2
18840,-40.27,162.1
18860,-40.27,162.1
18860,-39.71,169.91
18880,-39.71,169.91
18880,-40.03,220.24
18900,-40.03,220.24
18900,-38.97,224.55
18920,-38.97,224.55
18920,-37.26,191.99
18940,-37.26,191.99
18940,-39.23,252.44
18960,-39.23,252.44
18960,-38.8,225.74
18980,-38.8,225.74
18980,-38.67,192.27
19000,-38.67,192.27
19000,-39.58,191.84
19020,-39.58,191.84
19020,-37.79,140.47
19040,-37.79,140.47
19040,-39.92,215.91
19060,-39.92,215.91
19060,-39.41,207.91
19080,-39.41,207.91
19080,-38.5,228.22
19100,-38.5,228.22
19100,-37.86,184.85
19120,-37.86,184.85
19120,-39.36,204.83
19140,-39.36,204.83
19140,-38.42,210.14
19160,-38.42,210.14
19160,-39.28,234.4
19180,-39.28,234.4
19180,-38.62,170.47
19200,-38.62,170.47
19200,-39.77,223.38
19220,-39.77,223.38
19220,-38.36,174.4
19240,-38.36,174.4
19240,-39.97,151.51
19260,-39.97,151.51
19260,-39.75,192.24
19280,-39.75,192.24
19280,-38.98,186.38
19300,-38.98,186.38
19300,-38.78,143.37
19320,-38.78,143.37
19320,-39.17,174.52
19340,-39.17,174.52
19340,-38.39,141.12
19360,-38.39,141.12
19360,-39.69,153.52
19380,-39.69,153.52
19380,-37.49,144.66
19400,-37.49,144.66
19400,-39.08,150.85
19420,-39.08,150.85
19420,-38.67,174.35
19440,-38.67,174.35
19440,-38.53,163.48
19460,-38.53,163.48
19460,-40.55,208.83
19480,-40.55,208.83
19480,-39.74,162.93
19500,-39.74,162.93
19500,-40.06,186.37
19520,-40.06,186.37
19520,-38.84,191.13
19540,-38.84,191.13
19540,-40.09,190.23
19560,-40.09,190.23
19560,-39.15,177.94
19580,-39.15,177.94
19580,-38.39,129.18
19600,-38.39,129.18
19600,-39.47,171.96
19620,-39.47,171.96
19620,-39.77,164.22
19640,-39.77,164.22
19640,-39.49,200.16
19660,-39.49,200.16
19660,-38.68,145.79
19680,-38.68,145.79
19680,-40.12,230.08
19700,-40.12,230.08
19700,-39.43,275.16
19720,-39.43,275.16
19720,-41.77,318.01
19740,-41.77,318.01
19740,-39.21,242.04
19760,-39.21,242.04
19760,-40.74,255.68
19780,-40.74,255.68
19780,-42.08,283.61
19800,-42.08,283.61
19800,-39.46,234.7
19820,-39.46,234.7
19820,-38.9,203.25
19840,-38.9,203.25
19840,-40.72,207.59
19860,-40.72,207.59
19860,-39.6,233.16
19880,-39.6,233.16
19880,-39.64,310.9
19900,-39.64,310.9
19900,-39.55,205.71
19920,-39.55,205.71
19920,-39.1,221.95
19940,-39.1,221.95
19940,-40.14,226.92
19960,-40.14,226.92
19960,-41.39,231.3
19980,-41.39,231.3
19980,-41.23,236.32
20000,-41.23,236.32
20000,-40.31,214.78
20020,-40.31,214.78
20020,-40,223.23
20040,-40,223.23
20040,-40,224.85
20060,-40,224.85
20060,-41.13,223.21
20080,-41.13,223.21
20080,-40.24,248.79
20100,-40.24,248.79
20100,-39.11,246.66
20120,-39.11,246.66
20120,-40,243.4
20140,-40,243.4
20140,-39.37,182.11
20160,-39.37,182.11
20160,-40.48,205.72
20180,-40.48,205.72
20180,-40.14,176.1
20200,-40.14,176.1
20200,-38.72,168.31
20220,-38.72,168.31
20220,-40.78,203.46
20240,-40.78,203.46
20240,-40.31,259.13
20260,-40.31,259.13
20260,-40.68,238.82
20280,-40.68,238.82
20280,-40.65,190.2
20300,-40.65,190.2
20300,-40.78,204.05
20320,-40.78,204.05
20320,-40.22,247.42
20340,-40.22,247.42
20340,-40.27,252.91
20360,-40.27,252.91
20360,-40.85,NA
20380,-40.85,NA
20380,-41.92,378.86
20400,-41.92,378.86
20400,-40.71,282.96
20420,-40.71,282.96
20420,-41.25,302.77
20440,-41.25,302.77
20440,-40.24,277.7
20460,-40.24,277.7
20460,-41.25,216.73
20480,-41.25,216.73
20480,-41.53,230.85
20500,-41.53,230.85
20500,-40.28,186.35
20520,-40.28,186.35
20520,-40.38,179.76
20540,-40.38,179.76
20540,-40.54,232.04
20560,-40.54,232.04
20560,-39.8,206.04
20580,-39.8,206.04
20580,-39.54,146.33
20600,-39.54,146.33
20600,-40.18,163.15
20620,-40.18,163.15
20620,-38.7,193.81
20640,-38.7,193.81
20640,-39.25,178.18
20660,-39.25,178.18
20660,-40.67,202.81
20680,-40.67,202.81
20680,-40.2,208.02
20700,-40.2,208.02
20700,-38.87,149.72
20720,-38.87,149.72
20720,-40.69,205.96
20740,-40.69,205.96
20740,-40.19,227.3
20760,-40.19,227.3
20760,-40.19,220.5
20780,-40.19,220.5
20780,-40.3,233.7
20800,-40.3,233.7
20800,-40.3,287.25
20820,-40.3,287.25
20820,-38.76,227.42
20840,-38.76,227.42
20840,-39.31,263.7
20860,-39.31,263.7
20860,-41.85,278.65
20880,-41.85,278.65
20880,-41.25,348.38
20900,-41.25,348.38
20900,-40.29,261.52
20920,-40.29,261.52
20920,-41.6,241.1
20940,-41.6,241.1
20940,-40.39,268.89
20960,-40.39,268.89
20960,-41.27,261.68
20980,-41.27,261.68
20980,-40.43,263.17
21000,-40.43,263.17
21000,-41.1,267.28
21020,-41.1,267.28
21020,-39.38,273.73
21040,-39.38,273.73
21040,-41.4,265.46
21060,-41.4,265.46
21060,-41.53,219.63
21080,-41.53,219.63
21080,-41.1,299.38
21100,-41.1,299.38
21100,-40.24,275.04
21120,-40.24,275.04
21120,-39.82,236.75
21140,-39.82,236.75
21140,-40.85,245.76
21160,-40.85,245.76
21160,-41.56,305.79
21180,-41.56,305.79
21180,-41.07,254.98
21200,-41.07,254.98
21200,-41.05,253.43
21220,-41.05,253.43
21220,-40.49,224.5
21240,-40.49,224.5
21240,-40.21,270.31
21260,-40.21,270.31
21260,-40.93,259.8
21280,-40.93,259.8
21280,-40.89,346.69
21300,-40.89,346.69
21300,-42.35,253.21
21320,-42.35,253.21
21320,-41.62,268.81
21340,-41.62,268.81
21340,-40.89,323.2
21360,-40.89,323.2
21360,-40.72,249.8
21380,-40.72,249.8
21380,-40.96,286.5
21400,-40.96,286.5
21400,-41.03,270.26
21420,-41.03,270.26
21420,-41.45,253.53
21440,-41.45,253.53
21440,-42.39,335.86
21460,-42.39,335.86
21460,-41.36,480.67
21480,-41.36,480.67
21480,-42.12,374.16
21500,-42.12,374.16
21500,-42.24,313.86
21520,-42.24,313.86
21520,-39.98,248.01
21540,-39.98,248.01
21540,-40.41,284.94
21560,-40.41,284.94
21560,-40.71,351.13
21580,-40.71,351.13
21580,-40.75,379.82
21600,-40.75,379.82
21600,-40.99,304.09
21620,-40.99,304.09
21620,-41.82,356.26
21640,-41.82,356.26
21640,-40.19,349.61
21660,-40.19,349.61
21660,-41.3,333.02
21680,-41.3,333.02
21680,-41.2,435.71
21700,-41.2,435.71
21700,-42.22,375.52
21720,-42.22,375.52
21720,-42.01,339.04
21740,-42.01,339.04
21740,-41.9,391.35
21760,-41.9,391.35
21760,-41.18,302.57
21780,-41.18,302.57
21780,-41.17,238.81
21800,-41.17,238.81
21800,-40.43,239.92
21820,-40.43,239.92
21820,-41.09,276.5
21840,-41.09,276.5
21840,-40.02,306.37
21860,-40.02,306.37
21860,-39.67,229.51
21880,-39.67,229.51
21880,-40.41,256.56
21900,-40.41,256.56
21900,-41.2,287.62
21920,-41.2,287.62
21920,-41.39,281.72
21940,-41.39,281.72
21940,-40.45,279.94
21960,-40.45,279.94
21960,-39.96,276.83
21980,-39.96,276.83
21980,-41.85,261.36
22000,-41.85,261.36
22000,-42.75,309.29
22020,-42.75,309.29
22020,-41.03,254.61
22040,-41.03,254.61
22040,-40.72,249.68
22060,-40.72,249.68
22060,-39.52,295.97
22080,-39.52,295.97
22080,-41.03,268.92
22100,-41.03,268.92
22100,-41.78,305.3
22120,-41.78,305.3
22120,-41.42,344.54
22140,-41.42,344.54
22140,-40.15,264.53
22160,-40.15,264.53
22160,-41.59,291.04
22180,-41.59,291.04
22180,-41.1,265.1
22200,-41.1,265.1
22200,-39.78,274.58
22220,-39.78,274.58
22220,-40.08,204.26
22240,-40.08,204.26
22240,-41.82,263.06
22260,-41.82,263.06
22260,-40.3,281.4
22280,-40.3,281.4
22280,-39.78,263.92
22300,-39.78,263.92
22300,-39.91,338.83
22320,-39.91,338.83
22320,-40.9,257.22
22340,-40.9,257.22
22340,-42.27,306.49
22360,-42.27,306.49
22360,-41.35,326.38
22380,-41.35,326.38
22380,-42.31,307.44
22400,-42.31,307.44
22400,-41.67,299.77
22420,-41.67,299.77
22420,-41.27,261.44
22440,-41.27,261.44
22440,-41.75,246.31
22460,-41.75,246.31
22460,-40.84,191.65
22480,-40.84,191.65
22480,-41.58,268.67
22500,-41.58,268.67
22500,-40.16,268.33
22520,-40.16,268.33
22520,-40.53,266.65
22540,-40.53,266.65
22540,-42.11,289.78
22560,-42.11,289.78
22560,-39.93,207.77
22580,-39.93,207.77
22580,-41.58,276.43
22600,-41.58,276.43
22600,-39.64,256.23
22620,-39.64,256.23
22620,-40.84,231.03
22640,-40.84,231.03
22640,-40.44,255.1
22660,-40.44,255.1
22660,-41.83,273.14
22680,-41.83,273.14
22680,-42.94,252.8
22700,-42.94,252.8
22700,-41.81,203.53
22720,-41.81,203.53
22720,-39.25,194.18
22740,-39.25,194.18
22740,-39.84,240.96
22760,-39.84,240.96
22760,-40.43,229.69
22780,-40.43,229.69
22780,-40.97,206.39
22800,-40.97,206.39
22800,-41.09,268.73
22820,-41.09,268.73
22820,-41.54,243.62
22840,-41.54,243.62
22840,-40.5,210.15
22860,-40.5,210.15
22860,-40.62,216.16
22880,-40.62,216.16
22880,-40.41,186.1
22900,-40.41,186.1
22900,-40.03,138.58
22920,-40.03,138.58
22920,-39.53,99.32
22940,-39.53,99.32
22940,-37.85,78.26
22960,-37.85,78.26
22960,-38.34,97.42
22980,-38.34,97.42
22980,-39.34,97.8
23000,-39.34,97.8
23000,-39.53,138.19
23020,-39.53,138.19
23020,-40.62,148.94
23040,-40.62,148.94
23040,-41.59,202.94
23060,-41.59,202.94
23060,-40.04,168.7
23080,-40.04,168.7
23080,-41.99,216.21
23100,-41.99,216.21
23100,-40.83,161.39
23120,-40.83,161.39
23120,-41.93,183.36
23140,-41.93,183.36
23140,-41.68,211.72
23160,-41.68,211.72
23160,-40.8,217.28
23180,-40.8,217.28
23180,-42.53,196.25
23200,-42.53,196.25
23200,-41.08,238.04
23220,-41.08,238.04
23220,-40.46,181.1
23240,-40.46,181.1
23240,-39.77,106.59
23260,-39.77,106.59
23260,-39.21,84.55
23280,-39.21,84.55
23280,-37.75,98.21
23300,-37.75,98.21
23300,-37.45,61.34
23320,-37.45,61.34
23320,-38.53,63.59
23340,-38.53,63.59
23340,-39.34,68.66
23360,-39.34,68.66
23360,-39.89,99.95
23380,-39.89,99.95
23380,-38.35,179.27
23400,-38.35,179.27
23400,-40.67,282.95
23420,-40.67,282.95
23420,-41.96,283.14
23440,-41.96,283.14
23440,-41.54,448.13
23460,-41.54,448.13
23460,-40.41,452.52
23480,-40.41,452.52
23480,-42.21,535.92
23500,-42.21,535.92
23500,-41.49,583.63
23520,-41.49,583.63
23520,-41.6,546.82
23540,-41.6,546.82
23540,-41.63,444.54
23560,-41.63,444.54
23560,-42.27,692.68
23580,-42.27,692.68
23580,-42.02,742.91
23600,-42.02,742.91
23600,-41.68,681.22
23620,-41.68,681.22
23620,-40.7,655.33
23640,-40.7,655.33
23640,-42.89,548.27
23660,-42.89,548.27
23660,-41.91,564.43
23680,-41.91,564.43
23680,-43.29,700.79
23700,-43.29,700.79
23700,-44.06,599.72
23720,-44.06,599.72
23720,-42.5,719.15
23740,-42.5,719.15
23740,-42.53,558.31
23760,-42.53,558.31
23760,-40.12,552.98
23780,-40.12,552.98
23780,-41.77,669.09
23800,-41.77,669.09
23800,-42.48,782.96
23820,-42.48,782.96
23820,-41.76,751.28
23840,-41.76,751.28
23840,-43.63,NA
23860,-43.63,NA
23860,-44.89,657.78
23880,-44.89,657.78
23880,-42.91,604.76
23900,-42.91,604.76
23900,-43.35,708.18
23920,-43.35,708.18
23920,-41.02,654.8
23940,-41.02,654.8
23940,-42.45,866.26
23960,-42.45,866.26
23960,-42,728.57
23980,-42,728.57
23980,-42.04,645.47
24000,-42.04,645.47
24000,-41.93,821.09
24020,-41.93,821.09
24020,-42.73,805.44
24040,-42.73,805.44
24040,-42.53,882.97
24060,-42.53,882.97
24060,-43.05,863.71
24080,-43.05,863.71
24080,-43.46,859.1
24100,-43.46,859.1
24100,-43.92,983.15
24120,-43.92,983.15
24120,-42.11,978.25
24140,-42.11,978.25
24140,-40.18,566.45
24160,-40.18,566.45
24160,-42.3,315.24
24180,-42.3,315.24
24180,-42.34,372.22
24200,-42.34,372.22
24200,-41.78,330.16
24220,-41.78,330.16
24220,-41.48,361.37
24240,-41.48,361.37
24240,-42.07,410.11
24260,-42.07,410.11
24260,-40.78,283.5
24280,-40.78,283.5
24280,-41.21,305.46
24300,-41.21,305.46
24300,-41.03,NA
24320,-41.03,NA
24320,-41.88,NA
24340,-41.88,NA
24340,-39.52,NA
24360,-39.52,NA
24360,-40.66,257.94
24380,-40.66,257.94
24380,-41.28,342.9
24400,-41.28,342.9
24400,-41.5,383.79
24420,-41.5,383.79
24420,-40.7,353.4
24440,-40.7,353.4
24440,-42.16,355.7
24460,-42.16,355.7
24460,-41.99,274.36
24480,-41.99,274.36
24480,-40.27,296.72
24500,-40.27,296.72
24500,-40.18,275.76
24520,-40.18,275.76
24520,-41.39,282.27
24540,-41.39,282.27
24540,-40.58,243.39
24560,-40.58,243.39
24560,-41.57,212.1
24580,-41.57,212.1
24580,-40.71,244.66
24600,-40.71,244.66
24600,-39.39,239.67
24620,-39.39,239.67
24620,-41.45,323.41
24640,-41.45,323.41
24640,-43.83,366.14
24660,-43.83,366.14
24660,-40.98,330.41
24680,-40.98,330.41
24680,-43.16,342.31
24700,-43.16,342.31
24700,-41.49,384.4
24720,-41.49,384.4
24720,-40.13,420.33
24740,-40.13,420.33
24740,-40.48,376.63
24760,-40.48,376.63
24760,-41.94,371.91
24780,-41.94,371.91
24780,-39.06,492.95
24800,-39.06,492.95
24800,-40.9,436.9
24820,-40.9,436.9
24820,-43.1,549.41
24840,-43.1,549.41
24840,-42.38,332.52
24860,-42.38,332.52
24860,-41.26,318.95
24880,-41.26,318.95
24880,-42.09,406.76
24900,-42.09,406.76
24900,-41.47,388.42
24920,-41.47,388.42
24920,-40.04,269.89
24940,-40.04,269.89
24940,-40.29,318.24
24960,-40.29,318.24
24960,-41.51,541.77
24980,-41.51,541.77
24980,-41.75,323.17
25000,-41.75,323.17
25000,-39.21,266.94
25020,-39.21,266.94
25020,-40.1,250.27
25040,-40.1,250.27
25040,-40.06,239.36
25060,-40.06,239.36
25060,-39.44,293.39
25080,-39.44,293.39
25080,-40.19,503.33
25100,-40.19,503.33
25100,-40.91,295.07
25120,-40.91,295.07
25120,-40.59,334.68
25140,-40.59,334.68
25140,-41.8,525.96
25160,-41.8,525.96
25160,-41.12,569.22
25180,-41.12,569.22
25180,-42.71,679.05
25200,-42.71,679.05
25200,-41.21,899.7
25220,-41.21,899.7
25220,-40.94,790.26
25240,-40.94,790.26
25240,-41.08,769.73
25260,-41.08,769.73
25260,-42.24,611.38
25280,-42.24,611.38
25280,-40.83,521.12
25300,-40.83,521.12
25300,-40.28,461.74
25320,-40.28,461.74
25320,-43.19,611.68
25340,-43.19,611.68
25340,-40.91,522.3
25360,-40.91,522.3
25360,-42.22,559.51
25380,-42.22,559.51
25380,-41.52,593.96
25400,-41.52,593.96
25400,-40.1,496.5
25420,-40.1,496.5
25420,-40.31,681.1
25440,-40.31,681.1
25440,-40.42,716.82
25460,-40.42,716.82
25460,-41.52,862.24
25480,-41.52,862.24
25480,-41.59,769.53
25500,-41.59,769.53
25500,-42.12,866.09
25520,-42.12,866.09
25520,-41.43,560.57
25540,-41.43,560.57
25540,-40.06,547.03
25560,-40.06,547.03
25560,-43.54,759.88
25580,-43.54,759.88
25580,-41.79,734.52
25600,-41.79,734.52
25600,-42,708.18
25620,-42,708.18
25620,-42.46,749.48
25640,-42.46,749.48
25640,-42.02,861.98
25660,-42.02,861.98
25660,-43.46,886.89
25680,-43.46,886.89
25680,-42.75,963.29
25700,-42.75,963.29
25700,-42.92,898.4
25720,-42.92,898.4
25720,-43.83,862.82
25740,-43.83,862.82
25740,-42.88,917.05
25760,-42.88,917.05
25760,-41.51,828.07
25780,-41.51,828.07
25780,-42.16,728.56
25800,-42.16,728.56
25800,-42.12,907.34
25820,-42.12,907.34
25820,-41.85,897.06
25840,-41.85,897.06
25840,-40.79,786.45
25860,-40.79,786.45
25860,-41.9,617.01
25880,-41.9,617.01
25880,-41.33,478.49
25900,-41.33,478.49
25900,-41.83,565.46
25920,-41.83,565.46
25920,-40.99,581.16
25940,-40.99,581.16
25940,-41.75,552.92
25960,-41.75,552.92
25960,-41.34,516.51
25980,-41.34,516.51
25980,-40.71,340.78
26000,-40.71,340.78
26000,-40.94,375.33
26020,-40.94,375.33
26020,-42.42,429.13
26040,-42.42,429.13
26040,-40.73,309.98
26060,-40.73,309.98
26060,-40.73,370.98
26080,-40.73,370.98
26080,-40.9,379.85
26100,-40.9,379.85
26100,-39.98,327.07
26120,-39.98,327.07
26120,-42.09,443.1
26140,-42.09,443.1
26140,-40.95,345.75
26160,-40.95,345.75
26160,-41.21,286.01
26180,-41.21,286.01
26180,-39.86,298.32
26200,-39.86,298.32
26200,-41.37,270
26220,-41.37,270
26220,-39.99,231.57
26240,-39.99,231.57
26240,-41.22,233.6
26260,-41.22,233.6
26260,-40.35,263.03
26280,-40.35,263.03
26280,-41.73,256.25
26300,-41.73,256.25
26300,-40.83,223.95
26320,-40.83,223.95
26320,-40.67,235.67
26340,-40.67,235.67
26340,-39.66,220.67
26360,-39.66,220.67
26360,-40.91,291.24
26380,-40.91,291.24
26380,-41.14,332.38
26400,-41.14,332.38
26400,-41.98,286.36
26420,-41.98,286.36
26420,-42.31,333.44
26440,-42.31,333.44
26440,-42.32,410.96
26460,-42.32,410.96
26460,-41.03,315.48
26480,-41.03,315.48
26480,-40.34,267.62
26500,-40.34,267.62
26500,-40.08,356.84
26520,-40.08,356.84
26520,-42.76,329.1
26540,-42.76,329.1
26540,-42.26,332.95
26560,-42.26,332.95
26560,-42.26,325.93
26580,-42.26,325.93
26580,-40.95,301.67
26600,-40.95,301.67
26600,-40.7,307.81
26620,-40.7,307.81
26620,-41.98,322.51
26640,-41.98,322.51
26640,-40.39,265.88
26660,-40.39,265.88
26660,-39.69,282.64
26680,-39.69,282.64
26680,-40.17,253.22
26700,-40.17,253.22
26700,-41.75,392.06
26720,-41.75,392.06
26720,-42.75,302.04
26740,-42.75,302.04
26740,-40.34,313.84
26760,-40.34,313.84
26760,-41.5,286.19
26780,-41.5,286.19
26780,-41.52,397.91
26800,-41.52,397.91
26800,-41.79,461.68
26820,-41.79,461.68
26820,-40.36,552.11
26840,-40.36,552.11
26840,-41.88,539.03
26860,-41.88,539.03
26860,-41.32,499.4
26880,-41.32,499.4
26880,-40.59,335.86
26900,-40.59,335.86
26900,-41.26,350.46
26920,-41.26,350.46
26920,-39.77,328.29
26940,-39.77,328.29
26940,-42.05,308.73
26960,-42.05,308.73
26960,-42.24,314.45
26980,-42.24,314.45
26980,-40.26,NA
27000,-40.26,NA
27000,-40.72,210.9
27020,-40.72,210.9
27020,-39.87,193.91
27040,-39.87,193.91
27040,-41.77,255.46
27060,-41.77,255.46
27060,-41.27,252.01
27080,-41.27,252.01
27080,-42.5,192.95
27100,-42.5,192.95
27100,-41.5,248.41
27120,-41.5,248.41
27120,-40.67,190.36
27140,-40.67,190.36
27140,-40.34,214.77
27160,-40.34,214.77
27160,-38.57,170.87
27180,-38.57,170.87
27180,-41.13,203.71
27200,-41.13,203.71
27200,-40.22,192.8
27220,-40.22,192.8
27220,-40.16,165.09
27240,-40.16,165.09
27240,-40.23,183.6
27260,-40.23,183.6
27260,-41.72,219.64
27280,-41.72,219.64
27280,-41.67,275.17
27300,-41.67,275.17
27300,-42.16,254.71
27320,-42.16,254.71
27320,-41.04,312.13
27340,-41.04,312.13
27340,-40.74,244.05
27360,-40.74,244.05
27360,-41.85,227.82
27380,-41.85,227.82
27380,-40.6,237.58
27400,-40.6,237.58
27400,-41.4,247.33
27420,-41.4,247.33
27420,-42.82,257.29
27440,-42.82,257.29
27440,-42.32,266.27
27460,-42.32,266.27
27460,-40,237.3
27480,-40,237.3
27480,-40,211
27500,-40,211
27500,-39.73,168.47
27520,-39.73,168.47
27520,-41.56,162.77
27540,-41.56,162.77
27540,-38.39,99.19
27560,-38.39,99.19
27560,-37.38,84.5
27580,-37.38,84.5
27580,-38.8,80.51
27600,-38.8,80.51
27600,-38.11,50.77
27620,-38.11,50.77
27620,-37.7,58.08
27640,-37.7,58.08
27640,-38.72,50.56
27660,-38.72,50.56
27660,-38.44,46.46
27680,-38.44,46.46
27680,-38.39,46.11
27700,-38.39,46.11
27700,-37.55,57.04
27720,-37.55,57.04
27720,-37.05,50.68
27740,-37.05,50.68
27740,-36.51,60.47
27760,-36.51,60.47
27760,-38.07,54.23
27780,-38.07,54.23
27780,-40.21,176.33
27800,-40.21,176.33
27800,-40.96,315.69
27820,-40.96,315.69
27820,-41.02,243.49
27840,-41.02,243.49
27840,-40.75,249.22
27860,-40.75,249.22
27860,-41.26,446.96
27880,-41.26,446.96
27880,-41.54,418.61
27900,-41.54,418.61
27900,-40.74,359.09
27920,-40.74,359.09
27920,-39.17,271.7
27940,-39.17,271.7
27940,-40.37,335.58
27960,-40.37,335.58
27960,-42.64,441.69
27980,-42.64,441.69
27980,-41.66,352.58
28000,-41.66,352.58
28000,-39.95,358.06
28020,-39.95,358.06
28020,-42.89,312.27
28040,-42.89,312.27
28040,-42.25,295.68
28060,-42.25,295.68
28060,-41,311.19
28080,-41,311.19
28080,-43.18,455.61
28100,-43.18,455.61
28100,-42.04,462.75
28120,-42.04,462.75
28120,-39.97,452.27
28140,-39.97,452.27
28140,-41.35,457.31
28160,-41.35,457.31
28160,-41.6,400.76
28180,-41.6,400.76
28180,-41.3,356.93
28200,-41.3,356.93
28200,-42.64,391.95
28220,-42.64,391.95
28220,-40.56,369.24
28240,-40.56,369.24
28240,-40.55,394.29
28260,-40.55,394.29
28260,-42.68,452.01
28280,-42.68,452.01
28280,-40.44,453.68
28300,-40.44,453.68
28300,-40.06,394.14
28320,-40.06,394.14
28320,-40.12,380.34
28340,-40.12,380.34
28340,-40.99,587.57
28360,-40.99,587.57
28360,-43.17,486.08
28380,-43.17,486.08
28380,-41.03,524.62
28400,-41.03,524.62
28400,-40.5,396.92
28420,-40.5,396.92
28420,-42.92,489.45
28440,-42.92,489.45
28440,-42.63,398.44
28460,-42.63,398.44
28460,-41.79,339.07
28480,-41.79,339.07
28480,-41.38,328.43
28500,-41.38,328.43
28500,-41.01,236.37
28520,-41.01,236.37
28520,-41.26,268.22
28540,-41.26,268.22
28540,-41.76,310.26
28560,-41.76,310.26
28560,-40.91,259.87
28580,-40.91,259.87
28580,-41.34,186.96
28600,-41.34,186.96
28600,-39.58,102.66
28620,-39.58,102.66
28620,-37.97,74.36
28640,-37.97,74.36
28640,-39,81.27
28660,-39,81.27
28660,-38.66,81.63
28680,-38.66,81.63
28680,-37.78,69.08
28700,-37.78,69.08
28700,-38.11,64.48
28720,-38.11,64.48
28720,-38.05,55.11
28740,-38.05,55.11
28740,-38.49,56.69
28760,-38.49,56.69
28760,-37.92,58.22
28780,-37.92,58.22
28780,-37.09,52.86
28800,-37.09,52.86
28800,-37.85,58.66
28820,-37.85,58.66
28820,-38.28,66.44
28840,-38.28,66.44
28840,-37.66,55.23
28860,-37.66,55.23
28860,-37.46,60.89
28880,-37.46,60.89
28880,-38.8,104.46
28900,-38.8,104.46
28900,-39.77,185.56
28920,-39.77,185.56
28920,-41.51,257.09
28940,-41.51,257.09
28940,-41.85,376.12
28960,-41.85,376.12
28960,-41.86,275.55
28980,-41.86,275.55
28980,-41.35,283.72
29000,-41.35,283.72
29000,-41.3,241.15
29020,-41.3,241.15
29020,-42.35,327.54
29040,-42.35,327.54
29040,-40.65,301.69
29060,-40.65,301.69
29060,-40.73,345.92
29080,-40.73,345.92
29080,-41.23,390.68
29100,-41.23,390.68
29100,-40.48,304.98
29120,-40.48,304.98
29120,-40.29,371.59
29140,-40.29,371.59
29140,-42.65,350.01
29160,-42.65,350.01
29160,-40.98,316.73
29180,-40.98,316.73
29180,-41.51,393.96
29200,-41.51,393.96
29200,-41.19,304.9
29220,-41.19,304.9
29220,-40.5,280.64
29240,-40.5,280.64
29240,-40.94,363.3
29260,-40.94,363.3
29260,-39.26,390.55
29280,-39.26,390.55
29280,-40.32,333.84
29300,-40.32,333.84
29300,-42.32,421.93
29320,-42.32,421.93
29320,-41.96,424.79
29340,-41.96,424.79
29340,-42.26,504.47
29360,-42.26,504.47
29360,-41.59,406.04
29380,-41.59,406.04
29380,-41.4,465.26
29400,-41.4,465.26
29400,-40.86,469.17
29420,-40.86,469.17
29420,-41.35,478.32
29440,-41.35,478.32
29440,-43.79,596.44
29460,-43.79,596.44
29460,-41.84,510.03
29480,-41.84,510.03
29480,-41.98,622.51
29500,-41.98,622.51
29500,-41.78,547.47
29520,-41.78,547.47
29520,-40.55,439.54
29540,-40.55,439.54
29540,-41.79,488.98
29560,-41.79,488.98
29560,-41.07,496.84
29580,-41.07,496.84
29580,-42.89,598.75
29600,-42.89,598.75
29600,-41.28,499.81
29620,-41.28,499.81
29620,-41.72,591.44
29640,-41.72,591.44
29640,-39.5,575.69
29660,-39.5,575.69
29660,-41.82,522.94
29680,-41.82,522.94
29680,-41.74,529.33
29700,-41.74,529.33
29700,-43.21,567.79
29720,-43.21,567.79
29720,-41.34,607.99
29740,-41.34,607.99
29740,-42.21,472.62
29760,-42.21,472.62
29760,-42.07,498.3
29780,-42.07,498.3
29780,-43.04,551.57
29800,-43.04,551.57
29800,-42.91,564.15
29820,-42.91,564.15
29820,-43.16,591.33
29840,-43.16,591.33
29840,-41.37,458.09
29860,-41.37,458.09
29860,-40.85,536.25
29880,-40.85,536.25
29880,-42.68,580.21
29900,-42.68,580.21
29900,-42.87,522.01
29920,-42.87,522.01
29920,-41.48,418.03
29940,-41.48,418.03
29940,-43.25,766.22
29960,-43.25,766.22
29960,-43.36,925.52
29980,-43.36,925.52
29980,-40.19,899.25
30000,-40.19,899.25
30000,-42.35,956.22
30020,-42.35,956.22
30020,-41.9,784.45
30040,-41.9,784.45
30040,-42.59,879.25
30060,-42.59,879.25
30060,-42.06,547.62
30080,-42.06,547.62
30080,-40.34,443.2
30100,-40.34,443.2
30100,-38.98,423.26
30120,-38.98,423.26
30120,-41.7,542.83
30140,-41.7,542.83
30140,-43.08,549.47
30160,-43.08,549.47
30160,-41.02,522.31
30180,-41.02,522.31
30180,-41.56,484.25
30200,-41.56,484.25
30200,-42.15,431.62
30220,-42.15,431.62
30220,-42.08,589.35
30240,-42.08,589.35
30240,-42.55,562.68
30260,-42.55,562.68
30260,-42.79,527.04
30280,-42.79,527.04
30280,-43.53,599.71
30300,-43.53,599.71
30300,-42.71,479.96
30320,-42.71,479.96
30320,-41.23,401.92
30340,-41.23,401.92
30340,-41.97,512.09
30360,-41.97,512.09
30360,-41.17,520.29
30380,-41.17,520.29
30380,-42.59,442.65
30400,-42.59,442.65
30400,-40.75,333.07
30420,-40.75,333.07
30420,-40.06,271.38
30440,-40.06,271.38
30440,-42.9,461.41
30460,-42.9,461.41
30460,-41.99,392.88
30480,-41.99,392.88
30480,-41.91,429.45
30500,-41.91,429.45
30500,-41.24,412.48
30520,-41.24,412.48
30520,-41.79,335.32
30540,-41.79,335.32
30540,-42.66,NA
30560,-42.66,NA
30560,-42.32,266.84
30580,-42.32,266.84
30580,-41.48,247.99
30600,-41.48,247.99
30600,-40.33,235.62
30620,-40.33,235.62
30620,-41.71,215.09
30640,-41.71,215.09
30640,-41.2,138.52
30660,-41.2,138.52
30660,-39.17,160.49
30680,-39.17,160.49
30680,-40.68,149.81
30700,-40.68,149.81
30700,-39.93,120.49
30720,-39.93,120.49
30720,-40.62,102.73
30740,-40.62,102.73
30740,-39.56,109.68
30760,-39.56,109.68
30760,-39.25,129.04
30780,-39.25,129.04
30780,-41.49,165.14
30800,-41.49,165.14
30800,-41.49,233.24
30820,-41.49,233.24
30820,-42.53,233.53
30840,-42.53,233.53
30840,-41.95,283.81
30860,-41.95,283.81
30860,-40.06,292.08
30880,-40.06,292.08
30880,-42.08,317.28
30900,-42.08,317.28
30900,-41.58,332.77
30920,-41.58,332.77
30920,-42.98,395.47
30940,-42.98,395.47
30940,-41.69,352.21
30960,-41.69,352.21
30960,-42.2,401.71
30980,-42.2,401.71
30980,-41.83,366.19
31000,-41.83,366.19
31000,-42.12,316.87
31020,-42.12,316.87
31020,-42.7,302.99
31040,-42.7,302.99
31040,-42.09,355.72
31060,-42.09,355.72
31060,-41.22,292.9
31080,-41.22,292.9
31080,-41.2,248.7
31100,-41.2,248.7
31100,-40.55,345.99
31120,-40.55,345.99
31120,-42.38,318.49
31140,-42.38,318.49
31140,-41.49,347.26
31160,-41.49,347.26
31160,-42.98,416.58
31180,-42.98,416.58
31180,-41.99,347.56
31200,-41.99,347.56
31200,-40.81,339.99
31220,-40.81,339.99
31220,-41.52,305.89
31240,-41.52,305.89
31240,-41.18,382.61
31260,-41.18,382.61
31260,-40.12,288.52
31280,-40.12,288.52
31280,-42.97,330.45
31300,-42.97,330.45
31300,-41.42,306.14
31320,-41.42,306.14
31320,-42.32,341.7
31340,-42.32,341.7
31340,-41.14,327.44
31360,-41.14,327.44
31360,-42.47,324.6
31380,-42.47,324.6
31380,-42.19,364.13
31400,-42.19,364.13
31400,-41.28,348.73
31420,-41.28,348.73
31420,-40.79,358.98
31440,-40.79,358.98
31440,-41.99,258.5
31460,-41.99,258.5
31460,-41.25,320.68
31480,-41.25,320.68
31480,-41.78,421.73
31500,-41.78,421.73
31500,-41.69,428.75
31520,-41.69,428.75
31520,-43.19,359.61
31540,-43.19,359.61
31540,-41.57,310.54
31560,-41.57,310.54
31560,-43.02,366.59
31580,-43.02,366.59
31580,-42.65,363.3
31600,-42.65,363.3
31600,-41.87,333.09
31620,-41.87,333.09
31620,-42.78,297.09
31640,-42.78,297.09
31640,-42.47,262.79
31660,-42.47,262.79
31660,-43.3,352.41
31680,-43.3,352.41
31680,-41.93,292.71
31700,-41.93,292.71
31700,-41.32,254.68
31720,-41.32,254.68
31720,-41.13,271.48
31740,-41.13,271.48
31740,-42.53,263.16
31760,-42.53,263.16
31760,-42.67,215.88
31780,-42.67,215.88
31780,-40.99,282.55
31800,-40.99,282.55
31800,-40.72,217.04
31820,-40.72,217.04
31820,-40.86,212.68
31840,-40.86,212.68
31840,-42.49,189.13
31860,-42.49,189.13
31860,-41.65,198.76
31880,-41.65,198.76
31880,-41.29,141.6
31900,-41.29,141.6
31900,-41.15,157.83
31920,-41.15,157.83
31920,-41.57,150.73
31940,-41.57,150.73
31940,-40.68,143.84
31960,-40.68,143.84
31960,-40.8,126.68
31980,-40.8,126.68
31980,-40.71,126.78
32000,-40.71,126.78
32000,-40.92,147.51
32020,-40.92,147.51
32020,-40.31,141.84
32040,-40.31,141.84
32040,-40.58,128.03
32060,-40.58,128.03
32060,-40.04,73.78
32080,-40.04,73.78
32080,-39.96,64.09
32100,-39.96,64.09
32100,-40.39,68.51
32120,-40.39,68.51
32120,-40.03,55.15
32140,-40.03,55.15
32140,-39.81,79.04
32160,-39.81,79.04
32160,-38.82,49.06
32180,-38.82,49.06
32180,-39.24,59.45
32200,-39.24,59.45
32200,-39.04,54.02
32220,-39.04,54.02
32220,-38.69,50.99
32240,-38.69,50.99
32240,-38.36,53.69
32260,-38.36,53.69
32260,-39.39,35.45
32280,-39.39,35.45
32280,-38.28,38.2
32300,-38.28,38.2
32300,-38.24,50.06
32320,-38.24,50.06
32320,-39.08,50.27
32340,-39.08,50.27
32340,-38.88,48.56
32360,-38.88,48.56
32360,-38.46,41.2
32380,-38.46,41.2
32380,-38.57,43.83
32400,-38.57,43.83
32400,-38.68,70.52
32420,-38.68,70.52
32420,-38.67,49.23
32440,-38.67,49.23
32440,-38.28,49.38
32460,-38.28,49.38
32460,-37.76,36.64
32480,-37.76,36.64
32480,-39.22,50.7
32500,-39.22,50.7
32500,-40.91,125.23
32520,-40.91,125.23
32520,-40.29,174.05
32540,-40.29,174.05
32540,-42.96,249.59
32560,-42.96,249.59
32560,-40.8,287.21
32580,-40.8,287.21
32580,-41.59,258.28
32600,-41.59,258.28
32600,-40.67,278.81
32620,-40.67,278.81
32620,-40.59,264.31
32640,-40.59,264.31
32640,-42.09,365.37
32660,-42.09,365.37
32660,-41.39,359.51
32680,-41.39,359.51
32680,-41.75,318.46
32700,-41.75,318.46
32700,-40.75,251.12
32720,-40.75,251.12
32720,-40.97,213.03
32740,-40.97,213.03
32740,-43.76,242.72
32760,-43.76,242.72
32760,-41.8,244.1
32780,-41.8,244.1
32780,-40.5,363.43
32800,-40.5,363.43
32800,-42.31,341.04
32820,-42.31,341.04
32820,-40.81,263.56
32840,-40.81,263.56
32840,-40.6,320.34
32860,-40.6,320.34
32860,-42.34,319.16
32880,-42.34,319.16
32880,-42,308.94
32900,-42,308.94
32900,-42.06,376.67
32920,-42.06,376.67
32920,-41.6,383.79
32940,-41.6,383.79
32940,-42.55,373.37
32960,-42.55,373.37
32960,-40.83,NA
32980,-40.83,NA
32980,-43.12,334.75
33000,-43.12,334.75
33000,-41.42,332.65
33020,-41.42,332.65
33020,-41.73,315.6
33040,-41.73,315.6
33040,-43.34,403.01
33060,-43.34,403.01
33060,-43.62,381.4
33080,-43.62,381.4
33080,-42.37,386.94
33100,-42.37,386.94
33100,-43.38,NA
33120,-43.38,NA
33120,-41.08,299.38
33140,-41.08,299.38
33140,-42.31,303.96
33160,-42.31,303.96
33160,-42,296.53
33180,-42,296.53
33180,-41.22,318.51
33200,-41.22,318.51
33200,-40.2,300.85
33220,-40.2,300.85
33220,-41.23,302.59
33240,-41.23,302.59
33240,-41.92,210.43
33260,-41.92,210.43
33260,-41.21,206.5
33280,-41.21,206.5
33280,-41.92,257.91
33300,-41.92,257.91
33300,-41.93,253.48
33320,-41.93,253.48
33320,-42.35,205.13
33340,-42.35,205.13
33340,-40.3,182.25
33360,-40.3,182.25
33360,-42.88,170.9
33380,-42.88,170.9
33380,-40.15,91.52
33400,-40.15,91.52
33400,-40.36,73.95
33420,-40.36,73.95
33420,-39.64,62.99
33440,-39.64,62.99
33440,-39.08,47.82
33460,-39.08,47.82
33460,-39.66,52.79
33480,-39.66,52.79
33480,-39.35,42.96
33500,-39.35,42.96
33500,-39.33,48.92
33520,-39.33,48.92
33520,-39.29,43.41
33540,-39.29,43.41
33540,-38.1,40.85
33560,-38.1,40.85
33560,-39.29,49.69
33580,-39.29,49.69
33580,-38.87,52.02
33600,-38.87,52.02
33600,-39.87,50.72
33620,-39.87,50.72
33620,-38.89,55.96
33640,-38.89,55.96
33640,-38.2,50.47
33660,-38.2,50.47
33660,-37.44,44.42
33680,-37.44,44.42
33680,-37.69,38.7
33700,-37.69,38.7
33700,-38.43,33.56
33720,-38.43,33.56
33720,-38.68,63.17
33740,-38.68,63.17
33740,-39.88,127.58
33760,-39.88,127.58
33760,-41.08,183.21
33780,-41.08,183.21
33780,-41.29,179.77
33800,-41.29,179.77
33800,-42.34,163.36
33820,-42.34,163.36
33820,-41.14,178.22
33840,-41.14,178.22
33840,-41.35,262.83
33860,-41.35,262.83
33860,-41.02,255.56
33880,-41.02,255.56
33880,-41.52,257.67
33900,-41.52,257.67
33900,-42.11,298.5
33920,-42.11,298.5
33920,-41.54,288.74
33940,-41.54,288.74
33940,-42.09,320.74
33960,-42.09,320.74
33960,-41.38,256.97
33980,-41.38,256.97
33980,-41.14,292.03
34000,-41.14,292.03
34000,-40.64,363.1
34020,-40.64,363.1
34020,-40.06,282.76
34040,-40.06,282.76
34040,-40.82,310.17
34060,-40.82,310.17
34060,-42.47,389.78
34080,-42.47,389.78
34080,-41.04,181.69
34100,-41.04,181.69
34100,-39.67,234
34120,-39.67,234
34120,-40.4,291.18
34140,-40.4,291.18
34140,-41.3,321.95
34160,-41.3,321.95
34160,-41.13,270.44
34180,-41.13,270.44
34180,-41.76,262.43
34200,-41.76,262.43
34200,-41.87,332.55
34220,-41.87,332.55
34220,-42.14,227.3
34240,-42.14,227.3
34240,-41.7,254.39
34260,-41.7,254.39
34260,-41.51,271.49
34280,-41.51,271.49
34280,-40.29,234
34300,-40.29,234
34300,-41.59,272.45
34320,-41.59,272.45
34320,-41.33,275.93
34340,-41.33,275.93
34340,-41.52,220.56
34360,-41.52,220.56
34360,-40.63,245.59
34380,-40.63,245.59
34380,-41.85,280.32
34400,-41.85,280.32
34400,-42.01,245.19
34420,-42.01,245.19
34420,-41.88,244.14
34440,-41.88,244.14
34440,-40.84,226.64
34460,-40.84,226.64
34460,-41.78,262.09
34480,-41.78,262.09
34480,-39.54,211.96
34500,-39.54,211.96
34500,-41.49,239.75
34520,-41.49,239.75
34520,-41.85,259.79
34540,-41.85,259.79
34540,-40.8,278.2
34560,-40.8,278.2
34560,-40.24,206.6
34580,-40.24,206.6
34580,-41.39,170.04
34600,-41.39,170.04
34600,-42.76,241.54
34620,-42.76,241.54
34620,-39.99,159.57
34640,-39.99,159.57
34640,-41.42,162.76
34660,-41.42,162.76
34660,-41.21,165.45
34680,-41.21,165.45
34680,-42.37,155.29
34700,-42.37,155.29
34700,-40.63,118.07
34720,-40.63,118.07
34720,-41.57,138.88
34740,-41.57,138.88
34740,-38.91,74.73
34760,-38.91,74.73
34760,-39.49,56.32
34780,-39.49,56.32
34780,-39.15,40.05
34800,-39.15,40.05
34800,-38.81,40.71
34820,-38.81,40.71
34820,-39.27,50.38
34840,-39.27,50.38
34840,-38.91,48.4
34860,-38.91,48.4
34860,-39.39,59.2
34880,-39.39,59.2
34880,-40.7,65.7
34900,-40.7,65.7
34900,-39.61,53.48
34920,-39.61,53.48
34920,-40.39,66.15
34940,-40.39,66.15
34940,-39.18,59.94
34960,-39.18,59.94
34960,-40.37,64.26
34980,-40.37,64.26
34980,-39.19,66.37
35000,-39.19,66.37
35000,-39.24,53.4
35020,-39.24,53.4
35020,-39.2,40.18
35040,-39.2,40.18
35040,-38.23,54.49
35060,-38.23,54.49
35060,-38.86,44.34
35080,-38.86,44.34
35080,-38.08,46.79
35100,-38.08,46.79
35100,-38.55,43.43
35120,-38.55,43.43
35120,-38.52,43.44
35140,-38.52,43.44
35140,-38.01,39.7
35160,-38.01,39.7
35160,-38.48,33.23
35180,-38.48,33.23
35180,-37.11,35.27
35200,-37.11,35.27
35200,-38.91,40.04
35220,-38.91,40.04
35220,-37.28,40.05
35240,-37.28,40.05
35240,-38.76,38.78
35260,-38.76,38.78
35260,-38.07,38.83
35280,-38.07,38.83
35280,-38.8,43.98
35300,-38.8,43.98
35300,-38.39,38.17
35320,-38.39,38.17
35320,-38.63,38.87
35340,-38.63,38.87
35340,-37.17,38.4
35360,-37.17,38.4
35360,-37.87,42.22
35380,-37.87,42.22
35380,-39.05,42.28
35400,-39.05,42.28
35400,-37.16,35.2
35420,-37.16,35.2
35420,-37.91,31.74
35440,-37.91,31.74
35440,-38.05,36.91
35460,-38.05,36.91
35460,-38.36,65.7
35480,-38.36,65.7
35480,-38.99,134.62
35500,-38.99,134.62
35500,-40.64,179.75
35520,-40.64,179.75
35520,-41.71,226.5
35540,-41.71,226.5
35540,-42.01,285.69
35560,-42.01,285.69
35560,-41.15,176.37
35580,-41.15,176.37
35580,-42.35,210.02
35600,-42.35,210.02
35600,-40.84,222.93
35620,-40.84,222.93
35620,-40.88,252.64
35640,-40.88,252.64
35640,-40.6,305.66
35660,-40.6,305.66
35660,-40.15,217.08
35680,-40.15,217.08
35680,-41.25,221.61
35700,-41.25,221.61
35700,-41.17,232.14
35720,-41.17,232.14
35720,-41.72,274.48
35740,-41.72,274.48
35740,-40.89,244.74
35760,-40.89,244.74
35760,-40.78,291.15
35780,-40.78,291.15
35780,-40.13,256.51
35800,-40.13,256.51
35800,-41.32,238.08
35820,-41.32,238.08
35820,-42.9,302.7
35840,-42.9,302.7
35840,-41.79,259.87
35860,-41.79,259.87
35860,-40.69,275.49
35880,-40.69,275.49
35880,-41.53,258.64
35900,-41.53,258.64
35900,-41.44,243.85
35920,-41.44,243.85
35920,-40.14,275.06
35940,-40.14,275.06
35940,-42.5,311.07
35960,-42.5,311.07
35960,-43.34,219.18
35980,-43.34,219.18
35980,-43.3,337.15
36000,-43.3,337.15
36000,-43.4,312.27
36020,-43.4,312.27
36020,-41.03,254.14
36040,-41.03,254.14
36040,-41.43,363.17
36060,-41.43,363.17
36060,-41.2,291.73
36080,-41.2,291.73
36080,-41.36,246.22
36100,-41.36,246.22
36100,-41.86,296.16
36120,-41.86,296.16
36120,-40.62,288.72
36140,-40.62,288.72
36140,-39.96,262.42
36160,-39.96,262.42
36160,-41.29,240.3
36180,-41.29,240.3
36180,-41.46,299.99
36200,-41.46,299.99
36200,-40.55,235.43
36220,-40.55,235.43
36220,-41.56,224.77
36240,-41.56,224.77
36240,-41.95,237.35
36260,-41.95,237.35
36260,-40.55,238.08
36280,-40.55,238.08
36280,-41.43,240.09
36300,-41.43,240.09
36300,-42.61,259.97
36320,-42.61,259.97
36320,-41.11,330.07
36340,-41.11,330.07
36340,-41.69,216.41
36360,-41.69,216.41
36360,-41.25,338.47
36380,-41.25,338.47
36380,-42.31,235.23
36400,-42.31,235.23
36400,-41.84,211.17
36420,-41.84,211.17
36420,-41.26,211.79
36440,-41.26,211.79
36440,-41.33,173.17
36460,-41.33,173.17
36460,-40.18,181.14
36480,-40.18,181.14
36480,-41.48,141.06
36500,-41.48,141.06
36500,-40.77,139.55
36520,-40.77,139.55
36520,-41.92,141.41
36540,-41.92,141.41
36540,-41.72,155.55
36560,-41.72,155.55
36560,-40.44,114.9
36580,-40.44,114.9
36580,-40.53,120.38
36600,-40.53,120.38
36600,-39.64,87.48
36620,-39.64,87.48
36620,-40.97,70.2
36640,-40.97,70.2
36640,-38.92,75.86
36660,-38.92,75.86
36660,-38.7,59.54
36680,-38.7,59.54
36680,-39.42,58.36
36700,-39.42,58.36
36700,-40.36,61.47
36720,-40.36,61.47
36720,-38.04,49.25
36740,-38.04,49.25
36740,-38.2,56.92
36760,-38.2,56.92
36760,-39.37,60.84
36780,-39.37,60.84
36780,-39.33,61.28
36800,-39.33,61.28
36800,-39.2,52.42
36820,-39.2,52.42
36820,-38.87,52.13
36840,-38.87,52.13
36840,-39.44,66.86
36860,-39.44,66.86
36860,-40.17,79.15
36880,-40.17,79.15
36880,-40.88,89.11
36900,-40.88,89.11
36900,-39.72,96.18
36920,-39.72,96.18
36920,-40.83,90.83
36940,-40.83,90.83
36940,-39.68,84.93
36960,-39.68,84.93
36960,-39.08,77.63
36980,-39.08,77.63
36980,-38.75,43.5
37000,-38.75,43.5
37000,-39.49,48.72
37020,-39.49,48.72
37020,-40.47,45.86
37040,-40.47,45.86
37040,-39.6,49.58
37060,-39.6,49.58
37060,-39.57,62.28
37080,-39.57,62.28
37080,-39.12,66.93
37100,-39.12,66.93
37100,-40.25,45.01
37120,-40.25,45.01
37120,-39.17,30.04
37140,-39.17,30.04
37140,-39.02,36.6
37160,-39.02,36.6
37160,-38.78,33.19
37180,-38.78,33.19
37180,-38.06,33.47
37200,-38.06,33.47
37200,-38.46,37.45
37220,-38.46,37.45
37220,-39.08,32.39
37240,-39.08,32.39
37240,-38.26,30.14
37260,-38.26,30.14
37260,-38.49,36.81
37280,-38.49,36.81
37280,-38.68,32.67
37300,-38.68,32.67
37300,-37.46,26
37320,-37.46,26
37320,-38.98,27.87
37340,-38.98,27.87
37340,-38.8,44.17
37360,-38.8,44.17
37360,-38.8,39.14
37380,-38.8,39.14
37380,-38.53,34.26
37400,-38.53,34.26
37400,-38.3,36.19
37420,-38.3,36.19
37420,-38.12,33.01
37440,-38.12,33.01
37440,-38.79,32.96
37460,-38.79,32.96
37460,-38.24,36.25
37480,-38.24,36.25
37480,-38.63,32.92
37500,-38.63,32.92
37500,-37.9,31.4
37520,-37.9,31.4
37520,-37.83,29.7
37540,-37.83,29.7
37540,-37.58,25.67
37560,-37.58,25.67
37560,-39.12,26.64
37580,-39.12,26.64
37580,-37.79,27.6
37600,-37.79,27.6
37600,-38.23,28.77
37620,-38.23,28.77
37620,-37.52,30.69
37640,-37.52,30.69
37640,-38.13,26.37
37660,-38.13,26.37
37660,-38.29,26.2
37680,-38.29,26.2
37680,-39.01,35.88
37700,-39.01,35.88
37700,-38.29,23.15
37720,-38.29,23.15
37720,-38.83,27.69
37740,-38.83,27.69
37740,-37.24,28.78
37760,-37.24,28.78
37760,-37.84,32.04
37780,-37.84,32.04
37780,-38.04,33.7
37800,-38.04,33.7
37800,-37.44,32.34
37820,-37.44,32.34
37820,-37.44,27.29
37840,-37.44,27.29
37840,-38.2,29.18
37860,-38.2,29.18
37860,-37.79,35.79
37880,-37.79,35.79
37880,-37.54,28.85
37900,-37.54,28.85
37900,-37.57,24.41
37920,-37.57,24.41
37920,-37.71,29.81
37940,-37.71,29.81
37940,-38.21,29.36
37960,-38.21,29.36
37960,-37.42,27.65
37980,-37.42,27.65
37980,-38.36,27.61
38000,-38.36,27.61
38000,-37.01,29.47
38020,-37.01,29.47
38020,-37.8,25.09
38040,-37.8,25.09
38040,-36.89,29.57
38060,-36.89,29.57
38060,-37.39,36.62
38080,-37.39,36.62
38080,-37.18,29.24
38100,-37.18,29.24
38100,-36.57,25.52
38120,-36.57,25.52
38120,-36.73,32.61
38140,-36.73,32.61
38140,-37.2,25.54
38160,-37.2,25.54
38160,-37.19,27.75
38180,-37.19,27.75
38180,-37.27,34.36
38200,-37.27,34.36
38200,-38.63,42.19
38220,-38.63,42.19
38220,-40.84,115.23
38240,-40.84,115.23
38240,-40.57,137.36
38260,-40.57,137.36
38260,-40.81,155.06
38280,-40.81,155.06
38280,-40.64,181.43
38300,-40.64,181.43
38300,-39.25,191.24
38320,-39.25,191.24
38320,-39.71,192.31
38340,-39.71,192.31
38340,-41.62,180.19
38360,-41.62,180.19
38360,-40.52,238.55
38380,-40.52,238.55
38380,-40.21,194.59
38400,-40.21,194.59
38400,-39.93,182.01
38420,-39.93,182.01
38420,-41.35,237.32
38440,-41.35,237.32
38440,-40.39,207.84
38460,-40.39,207.84
38460,-42.26,286.21
38480,-42.26,286.21
38480,-41.14,222.28
38500,-41.14,222.28
38500,-40.68,190.71
38520,-40.68,190.71
38520,-41.31,169.49
38540,-41.31,169.49
38540,-40.38,181.87
38560,-40.38,181.87
38560,-40.99,273.05
38580,-40.99,273.05
38580,-42.07,286.74
38600,-42.07,286.74
38600,-42.7,268.03
38620,-42.7,268.03
38620,-40.76,243.49
38640,-40.76,243.49
38640,-40.62,240.2
38660,-40.62,240.2
38660,-40.92,178.92
38680,-40.92,178.92
38680,-42.24,230.6
38700,-42.24,230.6
38700,-43.19,282.14
38720,-43.19,282.14
38720,-42.13,290.25
38740,-42.13,290.25
38740,-42.02,248.03
38760,-42.02,248.03
38760,-43,223.83
38780,-43,223.83
38780,-40.89,239.35
38800,-40.89,239.35
38800,-42.27,186.35
38820,-42.27,186.35
38820,-41.19,187.38
38840,-41.19,187.38
38840,-41.19,234.82
38860,-41.19,234.82
38860,-42.33,276.94
38880,-42.33,276.94
38880,-42,305.33
38900,-42,305.33
38900,-40.03,181.81
38920,-40.03,181.81
38920,-42.53,255.74
38940,-42.53,255.74
38940,-41.54,301.05
38960,-41.54,301.05
38960,-40.63,482.46
38980,-40.63,482.46
38980,-41.13,308.8
39000,-41.13,308.8
39000,-41.68,332.4
39020,-41.68,332.4
39020,-40.98,263.26
39040,-40.98,263.26
39040,-41.33,218.11
39060,-41.33,218.11
39060,-41.02,254.15
39080,-41.02,254.15
39080,-43.08,273.31
39100,-43.08,273.31
39100,-41.61,305.12
39120,-41.61,305.12
39120,-41.67,270.51
39140,-41.67,270.51
39140,-41.8,254.73
39160,-41.8,254.73
39160,-41.99,374.98
39180,-41.99,374.98
39180,-42.68,267.91
39200,-42.68,267.91
39200,-40.43,273.89
39220,-40.43,273.89
39220,-41.53,277.12
39240,-41.53,277.12
39240,-40.4,309.39
39260,-40.4,309.39
39260,-42.62,325.86
39280,-42.62,325.86
39280,-42.82,359.63
39300,-42.82,359.63
39300,-38.9,401.99
39320,-38.9,401.99
39320,-41.62,355.72
39340,-41.62,355.72
39340,-42.87,393.96
39360,-42.87,393.96
39360,-42.64,431.08
39380,-42.64,431.08
39380,-42.77,406.07
39400,-42.77,406.07
39400,-41.99,316.38
39420,-41.99,316.38
39420,-42.79,396.85
39440,-42.79,396.85
39440,-41.13,429.64
39460,-41.13,429.64
39460,-41.54,447.46
39480,-41.54,447.46
39480,-41.46,302.35
39500,-41.46,302.35
39500,-42.72,343.09
39520,-42.72,343.09
39520,-42.81,477
39540,-42.81,477
39540,-40.49,446.76
39560,-40.49,446.76
39560,-41.32,434.78
39580,-41.32,434.78
39580,-42.18,461.91
39600,-42.18,461.91
39600,-42.13,478.91
39620,-42.13,478.91
39620,-39.64,364.34
39640,-39.64,364.34
39640,-41.33,312.98
39660,-41.33,312.98
39660,-42.24,407.32
39680,-42.24,407.32
39680,-40.3,519.67
39700,-40.3,519.67
39700,-41.41,436.11
39720,-41.41,436.11
39720,-41.46,369.37
39740,-41.46,369.37
39740,-40.43,344.88
39760,-40.43,344.88
39760,-40.57,334.07
39780,-40.57,334.07
39780,-42.19,359.01
39800,-42.19,359.01
39800,-41.23,287.14
39820,-41.23,287.14
39820,-40.82,316.43
39840,-40.82,316.43
39840,-41.9,388.04
39860,-41.9,388.04
39860,-41.49,299.99
39880,-41.49,299.99
39880,-41.97,342.74
39900,-41.97,342.74
39900,-41.27,299.72
39920,-41.27,299.72
39920,-39.89,235.23
39940,-39.89,235.23
39940,-40.81,160.05
39960,-40.81,160.05
39960,-40.44,128.48
39980,-40.44,128.48
39980,-40.14,104.27
40000,-40.14,104.27
40000,-38.99,73.98
40020,-38.99,73.98
40020,-39.31,65.7
40040,-39.31,65.7
40040,-40.42,61.73
40060,-40.42,61.73
40060,-40.2,60.34
40080,-40.2,60.34
40080,-37.36,56.51
40100,-37.36,56.51
40100,-38.02,57.49
40120,-38.02,57.49
40120,-39.57,83.67
40140,-39.57,83.67
40140,-39.79,100.15
40160,-39.79,100.15
40160,-40.91,103.12
40180,-40.91,103.12
40180,-40.56,151.43
40200,-40.56,151.43
40200,-41.76,196.35
40220,-41.76,196.35
40220,-41.01,197.87
40240,-41.01,197.87
40240,-40.42,208.31
40260,-40.42,208.31
40260,-39.97,193.28
40280,-39.97,193.28
40280,-40.49,167.77
40300,-40.49,167.77
40300,-40.24,184.88
40320,-40.24,184.88
40320,-40.94,196.35
40340,-40.94,196.35
40340,-40.66,164.04
40360,-40.66,164.04
40360,-41.67,208.01
40380,-41.67,208.01
40380,-39.52,183.54
40400,-39.52,183.54
40400,-40.31,207.47
40420,-40.31,207.47
40420,-41.17,154.46
40440,-41.17,154.46
40440,-40.38,176.02
40460,-40.38,176.02
40460,-39.67,174.74
40480,-39.67,174.74
40480,-41.45,161.76
40500,-41.45,161.76
40500,-40.55,190.7
40520,-40.55,190.7
40520,-41.28,185.95
40540,-41.28,185.95
40540,-40.95,180.9
40560,-40.95,180.9
40560,-41,160.95
40580,-41,160.95
40580,-41.9,218.17
40600,-41.9,218.17
40600,-41.48,182.9
40620,-41.48,182.9
40620,-42.9,213.49
40640,-42.9,213.49
40640,-41.64,194.46
40660,-41.64,194.46
40660,-38.84,159.24
40680,-38.84,159.24
40680,-40.91,162.46
40700,-40.91,162.46
40700,-41.6,182.09
40720,-41.6,182.09
40720,-41.98,182.69
40740,-41.98,182.69
40740,-41.77,212.96
40760,-41.77,212.96
40760,-42.39,245.98
40780,-42.39,245.98
40780,-41.83,226.83
40800,-41.83,226.83
40800,-39.15,174.58
40820,-39.15,174.58
40820,-40.66,172.61
40840,-40.66,172.61
40840,-39.26,153.56
40860,-39.26,153.56
40860,-39.99,124.09
40880,-39.99,124.09
40880,-40.72,117.1
40900,-40.72,117.1
40900,-40.03,92.19
40920,-40.03,92.19
40920,-40.77,74.20999999999998
40940,-40.77,74.20999999999998
40940,-39.37,57.04
40960,-39.37,57.04
40960,-40.57,68.11
40980,-40.57,68.11
40980,-39.74,61.17
41000,-39.74,61.17
41000,-39.13,54.64
41020,-39.13,54.64
41020,-38.88,44.72
41040,-38.88,44.72
41040,-38.25,35.93
41060,-38.25,35.93
41060,-38.76,48.88
41080,-38.76,48.88
41080,-39.14,61.99
41100,-39.14,61.99
41100,-39.04,50.31
41120,-39.04,50.31
41120,-38.62,62.03
41140,-38.62,62.03
41140,-39.56,56.21
41160,-39.56,56.21
41160,-39.3,64.02
41180,-39.3,64.02
41180,-39.03,54.71
41200,-39.03,54.71
41200,-38.63,48.32
41220,-38.63,48.32
41220,-38.41,49.01
41240,-38.41,49.01
41240,-39.14,44.8
41260,-39.14,44.8
41260,-38.83,44.26
41280,-38.83,44.26
41280,-37.86,49.41
41300,-37.86,49.41
41300,-38.38,39.47
41320,-38.38,39.47
41320,-38.18,40.75
41340,-38.18,40.75
41340,-38.71,46.34
41360,-38.71,46.34
41360,-37.54,41.28
41380,-37.54,41.28
41380,-37.64,33.57
41400,-37.64,33.57
41400,-37.9,34.49
41420,-37.9,34.49
41420,-37.41,32.31
41440,-37.41,32.31
41440,-37.58,34.26
41460,-37.58,34.26
41460,-40,68.83
41480,-40,68.83
41480,-40.44,140.78
41500,-40.44,140.78
41500,-40.36,185.05
41520,-40.36,185.05
41520,-40.06,215.62
41540,-40.06,215.62
41540,-40.57,210.35
41560,-40.57,210.35
41560,-41.59,282.56
41580,-41.59,282.56
41580,-41,316.14
41600,-41,316.14
41600,-39.51,277.37
41620,-39.51,277.37
41620,-41.63,310.91
41640,-41.63,310.91
41640,-40.42,289.57
41660,-40.42,289.57
41660,-41.9,324.43
41680,-41.9,324.43
41680,-42.04,403.66
41700,-42.04,403.66
41700,-41.38,292.27
41720,-41.38,292.27
41720,-39.91,310.64
41740,-39.91,310.64
41740,-40.51,344.13
41760,-40.51,344.13
41760,-42.16,329.41
41780,-42.16,329.41
41780,-40.99,313.81
41800,-40.99,313.81
41800,-42.51,363.37
41820,-42.51,363.37
41820,-39.46,624.33
41840,-39.46,624.33
41840,-41.46,288.35
41860,-41.46,288.35
41860,-41.96,258.56
41880,-41.96,258.56
41880,-41.97,290.65
41900,-41.97,290.65
41900,-42.87,472.31
41920,-42.87,472.31
41920,-41.9,310.06
41940,-41.9,310.06
41940,-42.12,289.28
41960,-42.12,289.28
41960,-40.47,365.59
41980,-40.47,365.59
41980,-41.46,402.24
42000,-41.46,402.24
42000,-40.74,278.27
42020,-40.74,278.27
42020,-42.29,296.32
42040,-42.29,296.32
42040,-40.88,250.01
42060,-40.88,250.01
42060,-42.69,389.4
42080,-42.69,389.4
42080,-41.84,344.97
42100,-41.84,344.97
42100,-42.31,340.49
42120,-42.31,340.49
42120,-41.91,266.29
42140,-41.91,266.29
42140,-41.65,234.66
42160,-41.65,234.66
42160,-40.02,208.96
42180,-40.02,208.96
42180,-41.07,173.16
42200,-41.07,173.16
42200,-39.02,145.2
42220,-39.02,145.2
42220,-42.22,123.34
42240,-42.22,123.34
42240,-40.37,128.99
42260,-40.37,128.99
42260,-40.03,68.31
42280,-40.03,68.31
42280,-38.98,63.5
42300,-38.98,63.5
42300,-38.48,54.31
42320,-38.48,54.31
42320,-38.81,54.61
42340,-38.81,54.61
42340,-39.66,68.54
42360,-39.66,68.54
42360,-40.16,49.97
42380,-40.16,49.97
42380,-40.14,60.43
42400,-40.14,60.43
42400,-39.69,63.28
42420,-39.69,63.28
42420,-40.02,75.56
42440,-40.02,75.56
42440,-39.33,57.23
42460,-39.33,57.23
42460,-40.38,58.19
42480,-40.38,58.19
42480,-39.99,61.52
42500,-39.99,61.52
42500,-40.53,67.11
42520,-40.53,67.11
42520,-39.61,63.01
42540,-39.61,63.01
42540,-38.49,64.1
42560,-38.49,64.1
42560,-39.74,70.19
42580,-39.74,70.19
42580,-39.55,79.44
42600,-39.55,79.44
42600,-39.47,52.97
42620,-39.47,52.97
42620,-39.37,51.51
42640,-39.37,51.51
42640,-39.77,74.61
42660,-39.77,74.61
42660,-39.6,59.18
42680,-39.6,59.18
42680,-38.76,52.33
42700,-38.76,52.33
42700,-38.28,43.61
42720,-38.28,43.61
42720,-38.98,45.54
42740,-38.98,45.54
42740,-37.89,36.83
42760,-37.89,36.83
42760,-37.89,35.05
42780,-37.89,35.05
42780,-37.85,31.47
42800,-37.85,31.47
42800,-38.87,40.16
42820,-38.87,40.16
42820,-39.08,39.82
42840,-39.08,39.82
42840,-38.5,38
42860,-38.5,38
42860,-38.38,41.83
42880,-38.38,41.83
42880,-38.48,41.35
42900,-38.48,41.35
42900,-37.78,NA
42920,-37.78,NA
42920,-39.21,NA
42940,-39.21,NA
42940,-38.52,NA
42960,-38.52,NA
42960,-38.24,NA
42980,-38.24,NA
42980,-38.99,NA
43000,-38.99,NA
43000,-37.66,40.01
43020,-37.66,40.01
43020,-38.08,42
43040,-38.08,42
43040,-37.69,36.95
43060,-37.69,36.95
43060,-37.7,35.93
43080,-37.7,35.93
43080,-36.79,27.72
43100,-36.79,27.72
43100,-37.95,35.42
43120,-37.95,35.42
43120,-38.17,29.26
43140,-38.17,29.26
43140,-38.17,34.01
43160,-38.17,34.01
43160,-37.91,27.98
43180,-37.91,27.98
43180,-37.44,30.96
43200,-37.44,30.96
43200,-38.37,37.69
43220,-38.37,37.69
43220,-38.61,27.87
43240,-38.61,27.87
43240,-38.6,25.68
43260,-38.6,25.68
43260,-38.21,35.08
43280,-38.21,35.08
43280,-38.93,37.92
43300,-38.93,37.92
43300,-37.69,35.39
43320,-37.69,35.39
43320,-39.12,48.82
43340,-39.12,48.82
43340,-41.52,111.79
43360,-41.52,111.79
43360,-40.21,172.07
43380,-40.21,172.07
43380,-41.14,230.06
43400,-41.14,230.06
43400,-40.96,214.06
43420,-40.96,214.06
43420,-41.66,277.3
43440,-41.66,277.3
43440,-41.63,393.37
43460,-41.63,393.37
43460,-42.16,312.35
43480,-42.16,312.35
43480,-41.88,396.45
43500,-41.88,396.45
43500,-42.18,323.83
43520,-42.18,323.83
43520,-41.11,351.16
43540,-41.11,351.16
43540,-43.13,389.84
43560,-43.13,389.84
43560,-43.38,516.05
43580,-43.38,516.05
43580,-41.34,335.13
43600,-41.34,335.13
43600,-40.81,282.41
43620,-40.81,282.41
43620,-42.68,326.12
43640,-42.68,326.12
43640,-42.33,273.78
43660,-42.33,273.78
43660,-41.3,314.42
43680,-41.3,314.42
43680,-42.06,336.53
43700,-42.06,336.53
43700,-40.96,302.14
43720,-40.96,302.14
43720,-42.52,286.35
43740,-42.52,286.35
43740,-41.76,309.98
43760,-41.76,309.98
43760,-41.66,326.76
43780,-41.66,326.76
43780,-41.04,263.97
43800,-41.04,263.97
43800,-41.72,276.74
43820,-41.72,276.74
43820,-40.2,296.47
43840,-40.2,296.47
43840,-39.7,286.01
43860,-39.7,286.01
43860,-41.62,318.49
43880,-41.62,318.49
43880,-42.33,304.98
43900,-42.33,304.98
43900,-41.96,373.46
43920,-41.96,373.46
43920,-41.27,352.33
43940,-41.27,352.33
43940,-40.8,NA
43960,-40.8,NA
43960,-41.62,263.61
43980,-41.62,263.61
43980,-41.43,411.86
44000,-41.43,411.86
44000,-41.66,371.1
44020,-41.66,371.1
44020,-41.18,367.05
44040,-41.18,367.05
44040,-40.6,359.48
44060,-40.6,359.48
44060,-42.64,435.18
44080,-42.64,435.18
44080,-40.3,430.14
44100,-40.3,430.14
44100,-41.98,315.95
44120,-41.98,315.95
44120,-41.09,206.32
44140,-41.09,206.32
44140,-41.14,234.16
44160,-41.14,234.16
44160,-41.8,262.16
44180,-41.8,262.16
44180,-40.53,219.86
44200,-40.53,219.86
44200,-39.78,NA
44220,-39.78,NA
44220,-42.09,154.83
44240,-42.09,154.83
44240,-40.82,158.78
44260,-40.82,158.78
44260,-41.2,182.64
44280,-41.2,182.64
44280,-39.39,111.93
44300,-39.39,111.93
44300,-40.43,105.66
44320,-40.43,105.66
44320,-40.18,88.59
44340,-40.18,88.59
44340,-40.3,60.2
44360,-40.3,60.2
44360,-40.11,68.91
44380,-40.11,68.91
44380,-38.59,29.44
44400,-38.59,29.44
44400,-39.54,30.47
44420,-39.54,30.47
44420,-39.25,28.94
44440,-39.25,28.94
44440,-38.74,27.22
44460,-38.74,27.22
44460,-39.25,30.81
44480,-39.25,30.81
44480,-37.56,29.52
44500,-37.56,29.52
44500,-39.41,47.05
44520,-39.41,47.05
44520,-38.94,45.01
44540,-38.94,45.01
44540,-40.51,75.76
44560,-40.51,75.76
44560,-39.54,73.84999999999998
44580,-39.54,73.84999999999998
44580,-39.97,98.99
44600,-39.97,98.99
44600,-38.93,134.03
44620,-38.93,134.03
44620,-40.73,134.08
44640,-40.73,134.08
44640,-39.65,93.55
44660,-39.65,93.55
44660,-40.32,98.32
44680,-40.32,98.32
44680,-39.03,82.9
44700,-39.03,82.9
44700,-39.71,67.62
44720,-39.71,67.62
44720,-39.62,67.23
44740,-39.62,67.23
44740,-40.28,75.38
44760,-40.28,75.38
44760,-40.15,73.87
44780,-40.15,73.87
44780,-39.58,51.25
44800,-39.58,51.25
44800,-39.5,53.53
44820,-39.5,53.53
44820,-39.67,67.89
44840,-39.67,67.89
44840,-39.4,71.88
44860,-39.4,71.88
44860,-39.33,66.13
44880,-39.33,66.13
44880,-39.55,70.61
44900,-39.55,70.61
44900,-39.05,78.31
44920,-39.05,78.31
44920,-39.34,60.73
44940,-39.34,60.73
44940,-39.48,56.49
44960,-39.48,56.49
44960,-39.57,56.06
44980,-39.57,56.06
44980,-40.83,72.52
45000,-40.83,72.52
45000,-39.56,59.63
45020,-39.56,59.63
45020,-39.18,54.97
45040,-39.18,54.97
45040,-39.74,58.7
45060,-39.74,58.7
45060,-39.38,44.89
45080,-39.38,44.89
45080,-38.49,44.28
45100,-38.49,44.28
45100,-39.21,62.67
45120,-39.21,62.67
45120,-38.74,53.79
45140,-38.74,53.79
45140,-38.76,47.39
45160,-38.76,47.39
45160,-39.81,47.81
45180,-39.81,47.81
45180,-39.87,57.34
45200,-39.87,57.34
45200,-38.12,52.53
45220,-38.12,52.53
45220,-40.2,59.29
45240,-40.2,59.29
45240,-39.13,48.85
45260,-39.13,48.85
45260,-38.84,49.24
45280,-38.84,49.24
45280,-39.4,58.95
45300,-39.4,58.95
45300,-39.43,46.57
45320,-39.43,46.57
45320,-39.6,54.81
45340,-39.6,54.81
45340,-39.63,57.64
45360,-39.63,57.64
45360,-39.86,48.83
45380,-39.86,48.83
45380,-39.1,64.83
45400,-39.1,64.83
45400,-39.74,53.7
45420,-39.74,53.7
45420,-39.08,43.77
45440,-39.08,43.77
45440,-38.72,41.09
45460,-38.72,41.09
45460,-38.13,38.7
45480,-38.13,38.7
45480,-37.97,39.07
45500,-37.97,39.07
45500,-38.13,41.15
45520,-38.13,41.15
45520,-38.23,37.44
45540,-38.23,37.44
45540,-37.79,41.22
45560,-37.79,41.22
45560,-39.19,30.99
45580,-39.19,30.99
45580,-38.25,35.6
45600,-38.25,35.6
45600,-38.71,38.01
45620,-38.71,38.01
45620,-37.55,34.94
45640,-37.55,34.94
45640,-37.98,35.92
45660,-37.98,35.92
45660,-38.44,45.28
45680,-38.44,45.28
45680,-37.98,38.29
45700,-37.98,38.29
45700,-37.95,30.01
45720,-37.95,30.01
45720,-38.49,33.76
45740,-38.49,33.76
45740,-38.02,33.89
45760,-38.02,33.89
45760,-38.61,38.15
45780,-38.61,38.15
45780,-37.95,38.77
45800,-37.95,38.77
45800,-38.1,37.01
45820,-38.1,37.01
45820,-39.49,36.95
45840,-39.49,36.95
45840,-37.9,38.07
45860,-37.9,38.07
45860,-38,31.64
45880,-38,31.64
45880,-37.56,32.27
45900,-37.56,32.27
45900,-37.69,32.76
45920,-37.69,32.76
45920,-38.08,31.01
45940,-38.08,31.01
45940,-37.83,32.91
45960,-37.83,32.91
45960,-37.79,35.17
45980,-37.79,35.17
45980,-38.31,36.25
46000,-38.31,36.25
46000,-38.1,32.08
46020,-38.1,32.08
46020,-38.03,33
46040,-38.03,33
46040,-37.91,28.3
46060,-37.91,28.3
46060,-37.1,29.93
46080,-37.1,29.93
46080,-37.47,35.89
46100,-37.47,35.89
46100,-37.62,33.51
46120,-37.62,33.51
46120,-37.71,34.57
46140,-37.71,34.57
46140,-37.7,27.99
46160,-37.7,27.99
46160,-37.03,31.88
46180,-37.03,31.88
46180,-37.41,39.66
46200,-37.41,39.66
46200,-37.53,39.96
46220,-37.53,39.96
46220,-37.12,28.27
46240,-37.12,28.27
46240,-37.5,23.43
46260,-37.5,23.43
46260,-37.5,24.75
46280,-37.5,24.75
46280,-37.65,42.34
46300,-37.65,42.34
46300,-38.16,40.52
46320,-38.16,40.52
46320,-37.67,36.64
46340,-37.67,36.64
46340,-36.79,32.63
46360,-36.79,32.63
46360,-36.62,30
46380,-36.62,30
46380,-37.41,35.22
46400,-37.41,35.22
46400,-37.09,37.68
46420,-37.09,37.68
46420,-37.76,33.08
46440,-37.76,33.08
46440,-38.05,33.93
46460,-38.05,33.93
46460,-37.09,31.18
46480,-37.09,31.18
46480,-37.1,30.2
46500,-37.1,30.2
46500,-36.1,25.83
46520,-36.1,25.83
46520,-36.93,37.22
46540,-36.93,37.22
46540,-37.78,50.89
46560,-37.78,50.89
46560,-37.32,56.78
46580,-37.32,56.78
46580,-37.86,NA
46600,-37.86,NA
46600,-37.34,32.58
46620,-37.34,32.58
46620,-37.55,41.6
46640,-37.55,41.6
46640,-36.78,34.77
46660,-36.78,34.77
46660,-37.14,37.68
46680,-37.14,37.68
46680,-36.23,37.85
46700,-36.23,37.85
46700,-36.53,34.95
46720,-36.53,34.95
46720,-36.94,35.36
46740,-36.94,35.36
46740,-36.45,40.93
46760,-36.45,40.93
46760,-36.47,51.23
46780,-36.47,51.23
46780,-35.99,39.14
46800,-35.99,39.14
46800,-36.36,40.59
46820,-36.36,40.59
46820,-36.11,44.91
46840,-36.11,44.91
46840,-37.95,47.35
46860,-37.95,47.35
46860,-39.35,76.2
46880,-39.35,76.2
46880,-40,152.77
46900,-40,152.77
46900,-42.49,203.32
46920,-42.49,203.32
46920,-40.66,169.52
46940,-40.66,169.52
46940,-40.13,202.37
46960,-40.13,202.37
46960,-41.09,227.23
46980,-41.09,227.23
46980,-40.84,284.22
47000,-40.84,284.22
47000,-40.55,326.26
47020,-40.55,326.26
47020,-41.37,368.7
47040,-41.37,368.7
47040,-41.48,321.2
47060,-41.48,321.2
47060,-41.69,313.81
47080,-41.69,313.81
47080,-40.96,323.37
47100,-40.96,323.37
47100,-41.72,394.3
47120,-41.72,394.3
47120,-40.87,289.88
47140,-40.87,289.88
47140,-40.79,346.5
47160,-40.79,346.5
47160,-42.09,374.79
47180,-42.09,374.79
47180,-40.69,281.22
47200,-40.69,281.22
47200,-40.88,304.68
47220,-40.88,304.68
47220,-40.31,223.86
47240,-40.31,223.86
47240,-40.96,259.64
47260,-40.96,259.64
47260,-42.77,318.82
47280,-42.77,318.82
47280,-41.23,284.96
47300,-41.23,284.96
47300,-40.89,283.09
47320,-40.89,283.09
47320,-39.77,253.49
47340,-39.77,253.49
47340,-39.44,281.73
47360,-39.44,281.73
47360,-40.29,258.4
47380,-40.29,258.4
47380,-40.42,253.51
47400,-40.42,253.51
47400,-41.32,225.67
47420,-41.32,225.67
47420,-40.79,335.76
47440,-40.79,335.76
47440,-40.6,294.11
47460,-40.6,294.11
47460,-41.29,352.16
47480,-41.29,352.16
47480,-40.43,253.11
47500,-40.43,253.11
47500,-39.12,249.03
47520,-39.12,249.03
47520,-39.73,328.89
47540,-39.73,328.89
47540,-41.34,365.7
47560,-41.34,365.7
47560,-40.38,351.33
47580,-40.38,351.33
47580,-42.28,401.5
47600,-42.28,401.5
47600,-42.65,452.76
47620,-42.65,452.76
47620,-41.05,358.66
47640,-41.05,358.66
47640,-40.27,343.46
47660,-40.27,343.46
47660,-39.39,332.28
47680,-39.39,332.28
47680,-39.52,319.19
47700,-39.52,319.19
47700,-42.45,374.16
47720,-42.45,374.16
47720,-42.52,384.9
47740,-42.52,384.9
47740,-41.25,425.42
47760,-41.25,425.42
47760,-41.43,523.07
47780,-41.43,523.07
47780,-40.51,307.75
47800,-40.51,307.75
47800,-40.91,407.04
47820,-40.91,407.04
47820,-40.46,351.39
47840,-40.46,351.39
47840,-40.99,420.69
47860,-40.99,420.69
47860,-41.45,329.01
47880,-41.45,329.01
47880,-42.41,231.22
47900,-42.41,231.22
47900,-41.53,163.15
47920,-41.53,163.15
47920,-41.71,217.91
47940,-41.71,217.91
47940,-40.48,201.93
47960,-40.48,201.93
47960,-43.45,222.82
47980,-43.45,222.82
47980,-41.99,230.94
48000,-41.99,230.94
48000,-40.67,230.77
48020,-40.67,230.77
48020,-40.16,340.88
48040,-40.16,340.88
48040,-42.13,737.06
48060,-42.13,737.06
48060,-42,710.25
48080,-42,710.25
48080,-40.65,728.41
48100,-40.65,728.41
48100,-41.63,654.28
48120,-41.63,654.28
48120,-41.68,723.75
48140,-41.68,723.75
48140,-40.52,382.91
48160,-40.52,382.91
48160,-42.41,473.56
48180,-42.41,473.56
48180,-40.58,487.51
48200,-40.58,487.51
48200,-40.29,413.4
48220,-40.29,413.4
48220,-41.71,466.29
48240,-41.71,466.29
48240,-41.72,375.35
48260,-41.72,375.35
48260,-41.42,277.5
48280,-41.42,277.5
48280,-40.51,149.54
48300,-40.51,149.54
48300,-41,194.24
48320,-41,194.24
48320,-40.77,181.6
48340,-40.77,181.6
48340,-40.71,163.42
48360,-40.71,163.42
48360,-40.52,143.88
48380,-40.52,143.88
48380,-39.84,138.06
48400,-39.84,138.06
48400,-41.91,181.31
48420,-41.91,181.31
48420,-40.67,119.59
48440,-40.67,119.59
48440,-40.45,NA
48460,-40.45,NA
48460,-40.6,101.16
48480,-40.6,101.16
48480,-40.33,89.57
48500,-40.33,89.57
48500,-39.01,58.88
48520,-39.01,58.88
48520,-38.28,43.36
48540,-38.28,43.36
48540,-38.42,56.44
48560,-38.42,56.44
48560,-39.18,61.19
48580,-39.18,61.19
48580,-39.43,59.47
48600,-39.43,59.47
48600,-39.86,71.22
48620,-39.86,71.22
48620,-40.1,91.77
48640,-40.1,91.77
48640,-40.63,73.75
48660,-40.63,73.75
48660,-42.01,77.79
48680,-42.01,77.79
48680,-39.73,85.12
48700,-39.73,85.12
48700,-39.15,74.47
48720,-39.15,74.47
48720,-39.54,80.47
48740,-39.54,80.47
48740,-39.48,104.42
48760,-39.48,104.42
48760,-39.05,92.52
48780,-39.05,92.52
48780,-39.73,92.96
48800,-39.73,92.96
48800,-40.36,82.58
48820,-40.36,82.58
48820,-39.04,80.16
48840,-39.04,80.16
48840,-38.71,55.44
48860,-38.71,55.44
48860,-38.39,50.86
48880,-38.39,50.86
48880,-38.41,38.71
48900,-38.41,38.71
48900,-39.18,36.75
48920,-39.18,36.75
48920,-39.52,43.22
48940,-39.52,43.22
48940,-37.87,35.78
48960,-37.87,35.78
48960,-38,30.92
48980,-38,30.92
48980,-38.82,39.88
49000,-38.82,39.88
49000,-38.2,37.11
49020,-38.2,37.11
49020,-38.63,42.77
49040,-38.63,42.77
49040,-38.9,43.05
49060,-38.9,43.05
49060,-40.41,73.88
49080,-40.41,73.88
49080,-40.1,83.45
49100,-40.1,83.45
49100,-39.01,74.84999999999998
49120,-39.01,74.84999999999998
49120,-38.54,47.41
49140,-38.54,47.41
49140,-39.08,42.1
49160,-39.08,42.1
49160,-37.86,36.91
49180,-37.86,36.91
49180,-37.94,31.61
49200,-37.94,31.61
49200,-38.5,34.53
49220,-38.5,34.53
49220,-38,21.79
49240,-38,21.79
49240,-38.32,28.31
49260,-38.32,28.31
49260,-38.05,31.8
49280,-38.05,31.8
49280,-38.4,72.03
49300,-38.4,72.03
49300,-40.64,208.58
49320,-40.64,208.58
49320,-41.39,220.52
49340,-41.39,220.52
49340,-42.55,204.56
49360,-42.55,204.56
49360,-40.7,173.79
49380,-40.7,173.79
49380,-40.41,217.71
49400,-40.41,217.71
49400,-40.63,148.2
49420,-40.63,148.2
49420,-41.44,166.9
49440,-41.44,166.9
49440,-39.75,174.37
49460,-39.75,174.37
49460,-39.79,151.77
49480,-39.79,151.77
49480,-40.68,159.58
49500,-40.68,159.58
49500,-39.76,122.4
49520,-39.76,122.4
49520,-41.04,110.91
49540,-41.04,110.91
49540,-39.71,105.83
49560,-39.71,105.83
49560,-40.41,117.76
49580,-40.41,117.76
49580,-39.76,93.38
49600,-39.76,93.38
49600,-38.94,79.01
49620,-38.94,79.01
49620,-39.79,73.76
49640,-39.79,73.76
49640,-40.21,86.3
49660,-40.21,86.3
49660,-40.02,68.56
49680,-40.02,68.56
49680,-39.2,68.89
49700,-39.2,68.89
49700,-38.33,65.06
49720,-38.33,65.06
49720,-39.09,73.64
49740,-39.09,73.64
49740,-38.91,75.66
49760,-38.91,75.66
49760,-40.01,85.79
49780,-40.01,85.79
49780,-39.15,83.21
49800,-39.15,83.21
49800,-39.98,68.61
49820,-39.98,68.61
49820,-39.08,47.08
49840,-39.08,47.08
49840,-38.69,42.17
49860,-38.69,42.17
49860,-39.85,42.15
49880,-39.85,42.15
49880,-39.75,46.06
49900,-39.75,46.06
49900,-39.66,41.07
49920,-39.66,41.07
49920,-40.72,58.28
49940,-40.72,58.28
49940,-40.11,58.64
49960,-40.11,58.64
49960,-39.33,53.86
49980,-39.33,53.86
49980,-39.6,52.07
50000,-39.6,52.07
50000,-40.55,58.99
50020,-40.55,58.99
50020,-39.4,54.43
50040,-39.4,54.43
50040,-39.4,54.16
50060,-39.4,54.16
50060,-38.32,46.12
50080,-38.32,46.12
50080,-39.79,38.11
50100,-39.79,38.11
50100,-39.35,43.95
50120,-39.35,43.95
50120,-39.1,46.6
50140,-39.1,46.6
50140,-39.32,40.74
50160,-39.32,40.74
50160,-39.72,47.45
50180,-39.72,47.45
50180,-40.01,55.33
50200,-40.01,55.33
50200,-40.05,63.22
50220,-40.05,63.22
50220,-39.76,59.09
50240,-39.76,59.09
50240,-39.72,64.14
50260,-39.72,64.14
50260,-40.16,59.49
50280,-40.16,59.49
50280,-39.64,57.27
50300,-39.64,57.27
50300,-39.32,60.22
50320,-39.32,60.22
50320,-38.86,69.15
50340,-38.86,69.15
50340,-39.9,71.34
50360,-39.9,71.34
50360,-39.09,62.98
50380,-39.09,62.98
50380,-39.69,67.79
50400,-39.69,67.79
50400,-39.51,65.64
50420,-39.51,65.64
50420,-39.49,76.75
50440,-39.49,76.75
50440,-39.73,60.58
50460,-39.73,60.58
50460,-39.17,58.12
50480,-39.17,58.12
50480,-38.75,58.65
50500,-38.75,58.65
50500,-39.76,59.24
50520,-39.76,59.24
50520,-38.68,58.43
50540,-38.68,58.43
50540,-38.69,57.8
50560,-38.69,57.8
50560,-39.73,63.42
50580,-39.73,63.42
50580,-39.87,71.09
50600,-39.87,71.09
50600,-38.56,80.83
50620,-38.56,80.83
50620,-38.96,43.1
50640,-38.96,43.1
50640,-39.02,50.66
50660,-39.02,50.66
50660,-39.75,50.93
50680,-39.75,50.93
50680,-39.61,43.81
50700,-39.61,43.81
50700,-38.69,49.12
50720,-38.69,49.12
50720,-39.31,48.88
50740,-39.31,48.88
50740,-39.61,41.84
50760,-39.61,41.84
50760,-39.66,53.8
50780,-39.66,53.8
50780,-38.33,49.24
50800,-38.33,49.24
50800,-39.49,53.5
50820,-39.49,53.5
50820,-40.26,54.08
50840,-40.26,54.08
50840,-39.01,52.78
50860,-39.01,52.78
50860,-38.84,43.9
50880,-38.84,43.9
50880,-39.12,54.04
50900,-39.12,54.04
50900,-38.49,43.93
50920,-38.49,43.93
50920,-39.1,42.59
50940,-39.1,42.59
50940,-40.55,53.2
50960,-40.55,53.2
50960,-39.45,47.73
50980,-39.45,47.73
50980,-39.3,47.19
51000,-39.3,47.19
51000,-38.73,48.4
51020,-38.73,48.4
51020,-38.91,41.79
51040,-38.91,41.79
51040,-39.49,51.47
51060,-39.49,51.47
51060,-39.42,51.88
51080,-39.42,51.88
51080,-38.84,58.77
51100,-38.84,58.77
51100,-39.61,56.15
51120,-39.61,56.15
51120,-39.35,56.96
51140,-39.35,56.96
51140,-40.02,52.6
51160,-40.02,52.6
51160,-38.91,48.79
51180,-38.91,48.79
51180,-38.53,51.38
51200,-38.53,51.38
51200,-38.97,51.84
51220,-38.97,51.84
51220,-39.45,43.33
51240,-39.45,43.33
51240,-39.6,44.76
51260,-39.6,44.76
51260,-39.85,67.42
51280,-39.85,67.42
51280,-38.82,52.03
51300,-38.82,52.03
51300,-38.91,39.74
51320,-38.91,39.74
51320,-39.84,50.12
51340,-39.84,50.12
51340,-37.74,34.12
51360,-37.74,34.12
51360,-39.5,37.47
51380,-39.5,37.47
51380,-38,41.71
51400,-38,41.71
51400,-38.72,36.23
51420,-38.72,36.23
51420,-39.05,34.75
51440,-39.05,34.75
51440,-39.5,41.16
51460,-39.5,41.16
51460,-38.69,33.1
51480,-38.69,33.1
51480,-38.68,35.2
51500,-38.68,35.2
51500,-39.39,45.42
51520,-39.39,45.42
51520,-39.98,37.48
51540,-39.98,37.48
51540,-39.41,38.52
51560,-39.41,38.52
51560,-39.47,41.6
51580,-39.47,41.6
51580,-39.9,43.38
51600,-39.9,43.38
51600,-39.16,34.25
51620,-39.16,34.25
51620,-39.16,38.81
51640,-39.16,38.81
51640,-38.74,40.75
51660,-38.74,40.75
51660,-39.09,40.36
51680,-39.09,40.36
51680,-37.92,30.68
51700,-37.92,30.68
51700,-38.28,40.21
51720,-38.28,40.21
51720,-38.61,36.83
51740,-38.61,36.83
51740,-38.31,32.2
51760,-38.31,32.2
51760,-37.41,30.72
51780,-37.41,30.72
51780,-38.34,25.48
51800,-38.34,25.48
51800,-38.53,27.23
51820,-38.53,27.23
51820,-38.59,29.09
51840,-38.59,29.09
51840,-38.49,22.29
51860,-38.49,22.29
51860,-38.35,23.91
51880,-38.35,23.91
51880,-39.02,21.22
51900,-39.02,21.22
51900,-38.15,22.35
51920,-38.15,22.35
51920,-38.63,26.97
51940,-38.63,26.97
51940,-38.82,25.93
51960,-38.82,25.93
51960,-37.8,23.78
51980,-37.8,23.78
51980,-37.56,25.06
52000,-37.56,25.06
52000,-38.25,24.92
52020,-38.25,24.92
52020,-38.91,33.95
52040,-38.91,33.95
52040,-39.26,34.24
52060,-39.26,34.24
52060,-39.3,38.41
52080,-39.3,38.41
52080,-38.07,32.44
52100,-38.07,32.44
52100,-38.08,32.66
52120,-38.08,32.66
52120,-37.89,27.12
52140,-37.89,27.12
52140,-38.97,32.25
52160,-38.97,32.25
52160,-37.48,31.29
52180,-37.48,31.29
52180,-38.2,37.77
52200,-38.2,37.77
52200,-38.04,36.08
52220,-38.04,36.08
52220,-38.08,29.96
52240,-38.08,29.96
52240,-37.99,22.61
52260,-37.99,22.61
52260,-38.15,27.05
52280,-38.15,27.05
52280,-38.59,22
52300,-38.59,22
52300,-38.63,27.74
52320,-38.63,27.74
52320,-38.49,26.09
52340,-38.49,26.09
52340,-37.91,26.34
52360,-37.91,26.34
52360,-38.16,29.55
52380,-38.16,29.55
52380,-37.97,27.77
52400,-37.97,27.77
52400,-38.35,28.03
52420,-38.35,28.03
52420,-38.2,23.86
52440,-38.2,23.86
52440,-38.94,25.41
52460,-38.94,25.41
52460,-37.8,27.91
52480,-37.8,27.91
52480,-37.03,24
52500,-37.03,24
52500,-38.59,27.34
52520,-38.59,27.34
52520,-37.54,27.94
52540,-37.54,27.94
52540,-37.7,27.36
52560,-37.7,27.36
52560,-37.23,23.81
52580,-37.23,23.81
52580,-38.34,24.9
52600,-38.34,24.9
52600,-38.3,25.69
52620,-38.3,25.69
52620,-37.88,27.45
52640,-37.88,27.45
52640,-38.25,29.68
52660,-38.25,29.68
52660,-38.3,27.15
52680,-38.3,27.15
52680,-37.65,25.36
52700,-37.65,25.36
52700,-38.46,23.71
52720,-38.46,23.71
52720,-38.17,24.99
52740,-38.17,24.99
52740,-38.65,28.25
52760,-38.65,28.25
52760,-38.19,24.17
52780,-38.19,24.17
52780,-38.13,26.61
52800,-38.13,26.61
52800,-38.3,26.07
52820,-38.3,26.07
52820,-37.21,23.89
52840,-37.21,23.89
52840,-38.35,23.14
52860,-38.35,23.14
52860,-37.65,22.47
52880,-37.65,22.47
52880,-38.2,24.25
52900,-38.2,24.25
52900,-37.63,20.78
52920,-37.63,20.78
52920,-37.75,27.14
52940,-37.75,27.14
52940,-37.6,27.38
52960,-37.6,27.38
52960,-37.7,27.63
52980,-37.7,27.63
52980,-37.46,29.39
53000,-37.46,29.39
53000,-37.49,26.16
53020,-37.49,26.16
53020,-38.12,31.96
53040,-38.12,31.96
53040,-37.57,26.56
53060,-37.57,26.56
53060,-37.88,28.55
53080,-37.88,28.55
53080,-38.19,19.57
53100,-38.19,19.57
53100,-38.1,25.67
53120,-38.1,25.67
53120,-37.91,26.37
53140,-37.91,26.37
53140,-37.9,22.85
53160,-37.9,22.85
53160,-37.76,22.57
53180,-37.76,22.57
53180,-37.55,18.58
53200,-37.55,18.58
53200,-38.25,26
53220,-38.25,26
53220,-37.55,23.62
53240,-37.55,23.62
53240,-37.73,29.75
53260,-37.73,29.75
53260,-37.7,24.32
53280,-37.7,24.32
53280,-38.09,25.3
53300,-38.09,25.3
53300,-37.82,29.83
53320,-37.82,29.83
53320,-38.31,25.12
53340,-38.31,25.12
53340,-36.85,24.78
53360,-36.85,24.78
53360,-37.48,21.31
53380,-37.48,21.31
53380,-38.34,19.68
53400,-38.34,19.68
53400,-37.51,22.26
53420,-37.51,22.26
53420,-38.14,22.46
53440,-38.14,22.46
53440,-37.13,NA
53460,-37.13,NA
53460,-37.81,NA
53480,-37.81,NA
53480,-37.07,26.27
53500,-37.07,26.27
53500,-37.89,24.16
53520,-37.89,24.16
53520,-37.56,29.22
53540,-37.56,29.22
53540,-37,28.96
53560,-37,28.96
53560,-37.8,30.95
53580,-37.8,30.95
53580,-37.95,25.36
53600,-37.95,25.36
53600,-37.34,28.33
53620,-37.34,28.33
53620,-37.35,28.47
53640,-37.35,28.47
53640,-37.4,32.68
53660,-37.4,32.68
53660,-37.64,NA
53680,-37.64,NA
53680,-37.87,37.43
53700,-37.87,37.43
53700,-37.6,36.39
53720,-37.6,36.39
53720,-37.68,35.38
53740,-37.68,35.38
53740,-36.91,25.69
53760,-36.91,25.69
53760,-37.56,24.9
53780,-37.56,24.9
53780,-37.67,25.02
53800,-37.67,25.02
53800,-37.88,27.32
53820,-37.88,27.32
53820,-37.04,24.34
53840,-37.04,24.34
53840,-36.9,25.92
53860,-36.9,25.92
53860,-36.79,28.22
53880,-36.79,28.22
53880,-36.41,23.31
53900,-36.41,23.31
53900,-36.99,27.03
53920,-36.99,27.03
53920,-37.36,30.23
53940,-37.36,30.23
53940,-38.17,32.34
53960,-38.17,32.34
53960,-38.61,55.24
53980,-38.61,55.24
53980,-39.13,70.31
54000,-39.13,70.31
54000,-40.09,69.35
54020,-40.09,69.35
54020,-37.58,40.31
54040,-37.58,40.31
54040,-36.65,27.82
54060,-36.65,27.82
54060,-37.16,25.56
54080,-37.16,25.56
54080,-36.99,25.26
54100,-36.99,25.26
54100,-38.28,26.43
54120,-38.28,26.43
54120,-37.86,26.13
54140,-37.86,26.13
54140,-37.65,30.02
54160,-37.65,30.02
54160,-37.43,50.23
54180,-37.43,50.23
54180,-36.22,31.19
54200,-36.22,31.19
54200,-37.7,49.54
54220,-37.7,49.54
54220,-40.72,137.47
54240,-40.72,137.47
54240,-41.59,171.47
54260,-41.59,171.47
54260,-40.07,163.12
54280,-40.07,163.12
54280,-42.26,176.01
54300,-42.26,176.01
54300,-43,199.71
54320,-43,199.71
54320,-39.31,185.53
54340,-39.31,185.53
54340,-41.1,208.23
54360,-41.1,208.23
54360,-41.54,194.56
54380,-41.54,194.56
54380,-41.25,198.06
54400,-41.25,198.06
54400,-40.77,213.93
54420,-40.77,213.93
54420,-40.43,191.51
54440,-40.43,191.51
54440,-40.83,201.09
54460,-40.83,201.09
54460,-40.82,305.27
54480,-40.82,305.27
54480,-41.02,226.82
54500,-41.02,226.82
54500,-41.1,147.98
54520,-41.1,147.98
54520,-41.79,139.35
54540,-41.79,139.35
54540,-42.29,167.82
54560,-42.29,167.82
54560,-40.21,167.24
54580,-40.21,167.24
54580,-41.55,191.22
54600,-41.55,191.22
54600,-40.95,170
54620,-40.95,170
54620,-41.41,207.4
54640,-41.41,207.4
54640,-40.08,132.92
54660,-40.08,132.92
54660,-41.1,181.35
54680,-41.1,181.35
54680,-40.24,193.12
54700,-40.24,193.12
54700,-40.09,211.77
54720,-40.09,211.77
54720,-38.79,174.73
54740,-38.79,174.73
54740,-41.41,190.27
54760,-41.41,190.27
54760,-41.76,192.91
54780,-41.76,192.91
54780,-41.05,159.04
54800,-41.05,159.04
54800,-40.61,139.63
54820,-40.61,139.63
54820,-40.79,131.24
54840,-40.79,131.24
54840,-40.17,114.08
54860,-40.17,114.08
54860,-39.7,133.08
54880,-39.7,133.08
54880,-38.76,114.36
54900,-38.76,114.36
54900,-37.3,28.88
54920,-37.3,28.88
54920,-37.09,27.75
54940,-37.09,27.75
54940,-36.36,21.93
54960,-36.36,21.93
54960,-37.39,24.47
54980,-37.39,24.47
54980,-38.69,36.91
55000,-38.69,36.91
55000,-41.24,86.08
55020,-41.24,86.08
55020,-40.63,114.66
55040,-40.63,114.66
55040,-41.53,138.29
55060,-41.53,138.29
55060,-40.81,111.74
55080,-40.81,111.74
55080,-40.28,137.12
55100,-40.28,137.12
55100,-42.07,147.84
55120,-42.07,147.84
55120,-42.58,149.56
55140,-42.58,149.56
55140,-40.6,147.26
55160,-40.6,147.26
55160,-41.7,121.67
55180,-41.7,121.67
55180,-40.16,196.21
55200,-40.16,196.21
55200,-40.13,161.14
55220,-40.13,161.14
55220,-40.23,161.54
55240,-40.23,161.54
55240,-40.15,174.39
55260,-40.15,174.39
55260,-41.31,162.04
55280,-41.31,162.04
55280,-41.53,149.64
55300,-41.53,149.64
55300,-39.72,157.37
55320,-39.72,157.37
55320,-40.63,161.18
55340,-40.63,161.18
55340,-41.19,110.82
55360,-41.19,110.82
55360,-40.08,233.89
55380,-40.08,233.89
55380,-40.46,439.46
55400,-40.46,439.46
55400,-38.54,NA
55420,-38.54,NA
55420,-37.33,NA
55440,-37.33,NA
55440,-37.66,NA
55460,-37.66,NA
55460,-37.21,33.93
55480,-37.21,33.93
55480,-37.33,NA
55500,-37.33,NA
55500,-37.83,29.41
55520,-37.83,29.41
55520,-37.87,27.08
55540,-37.87,27.08
55540,-38.39,23.64
55560,-38.39,23.64
55560,-37.39,NA
55580,-37.39,NA
55580,-38.52,NA
55600,-38.52,NA
55600,-38.49,35.1
55620,-38.49,35.1
55620,-37.78,46.86
55640,-37.78,46.86
55640,-37.76,40.4
55660,-37.76,40.4
55660,-37.26,44.51
55680,-37.26,44.51
55680,-37.07,39.18
55700,-37.07,39.18
55700,-36.89,40.13
55720,-36.89,40.13
55720,-36.88,38.98
55740,-36.88,38.98
55740,-37.95,49
55760,-37.95,49
55760,-38.86,123.23
55780,-38.86,123.23
55780,-39.87,192.02
55800,-39.87,192.02
55800,-40.51,167.38
55820,-40.51,167.38
55820,-41.25,211.02
55840,-41.25,211.02
55840,-41.92,261.41
55860,-41.92,261.41
55860,-40.14,384.21
55880,-40.14,384.21
55880,-40.7,339.99
55900,-40.7,339.99
55900,-40.1,318.04
55920,-40.1,318.04
55920,-40.57,260.09
55940,-40.57,260.09
55940,-41.34,305.13
55960,-41.34,305.13
55960,-40.52,285.32
55980,-40.52,285.32
55980,-42.55,294.69
56000,-42.55,294.69
56000,-41.42,237.72
56020,-41.42,237.72
56020,-40.76,341.99
56040,-40.76,341.99
56040,-40.69,295.61
56060,-40.69,295.61
56060,-40.08,263.34
56080,-40.08,263.34
56080,-40.1,285.37
56100,-40.1,285.37
56100,-39.85,363.43
56120,-39.85,363.43
56120,-38.84,297.53
56140,-38.84,297.53
56140,-40.07,326.43
56160,-40.07,326.43
56160,-40.1,313.07
56180,-40.1,313.07
56180,-40.59,364.03
56200,-40.59,364.03
56200,-40.31,419.04
56220,-40.31,419.04
56220,-41.08,366.62
56240,-41.08,366.62
56240,-39.83,288.43
56260,-39.83,288.43
56260,-40.94,327
56280,-40.94,327
56280,-41.55,337.46
56300,-41.55,337.46
56300,-41.71,296.03
56320,-41.71,296.03
56320,-42.58,347.11
56340,-42.58,347.11
56340,-40.38,344.95
56360,-40.38,344.95
56360,-40.67,259.64
56380,-40.67,259.64
56380,-39.74,311.19
56400,-39.74,311.19
56400,-39.34,210.99
56420,-39.34,210.99
56420,-40.19,148.88
56440,-40.19,148.88
56440,-39.97,143.29
56460,-39.97,143.29
56460,-39.44,NA
56480,-39.44,NA
56480,-38.99,106.18
56500,-38.99,106.18
56500,-38.94,92.12
56520,-38.94,92.12
56520,-38.24,77.17
56540,-38.24,77.17
56540,-39.55,80.17
56560,-39.55,80.17
56560,-39.16,69.07
56580,-39.16,69.07
56580,-38.37,67.97
56600,-38.37,67.97
56600,-39.62,63.6
56620,-39.62,63.6
56620,-37.95,59.44
56640,-37.95,59.44
56640,-38.44,60.93
56660,-38.44,60.93
56660,-38.1,48.44
56680,-38.1,48.44
56680,-37.59,45.07
56700,-37.59,45.07
56700,-38.9,45.5
56720,-38.9,45.5
56720,-39.05,46.77
56740,-39.05,46.77
56740,-38.58,48.52
56760,-38.58,48.52
56760,-37.72,42.05
56780,-37.72,42.05
56780,-38.64,50.88
56800,-38.64,50.88
56800,-38.22,48.98
56820,-38.22,48.98
56820,-38.49,58.78
56840,-38.49,58.78
56840,-39.75,50.03
56860,-39.75,50.03
56860,-39.6,51.69
56880,-39.6,51.69
56880,-38.17,43.74
56900,-38.17,43.74
56900,-38.99,46.72
56920,-38.99,46.72
56920,-38.64,43.73
56940,-38.64,43.73
56940,-38.87,43.1
56960,-38.87,43.1
56960,-38.58,47.29
56980,-38.58,47.29
56980,-38.79,49.26
57000,-38.79,49.26
57000,-37.78,47.91
57020,-37.78,47.91
57020,-39.03,50.28
57040,-39.03,50.28
57040,-37.69,57.02
57060,-37.69,57.02
57060,-37.57,41.85
57080,-37.57,41.85
57080,-38.32,NA
57100,-38.32,NA
57100,-37.99,41.58
57120,-37.99,41.58
57120,-38.23,39.96
57140,-38.23,39.96
57140,-38.48,35.65
57160,-38.48,35.65
57160,-38.85,43.85
57180,-38.85,43.85
57180,-38.59,38.63
57200,-38.59,38.63
57200,-37.51,38.06
57220,-37.51,38.06
57220,-38.41,46.17
57240,-38.41,46.17
57240,-38.46,41.31
57260,-38.46,41.31
57260,-38.82,39.83
57280,-38.82,39.83
57280,-38.8,39.84
57300,-38.8,39.84
57300,-38.9,38.19
57320,-38.9,38.19
57320,-38.68,39.76
57340,-38.68,39.76
57340,-37.16,36.56
57360,-37.16,36.56
57360,-37.94,33.15
57380,-37.94,33.15
57380,-38.59,37.74
57400,-38.59,37.74
57400,-39.42,37.93
57420,-39.42,37.93
57420,-38.34,38.55
57440,-38.34,38.55
57440,-37.84,33.72
57460,-37.84,33.72
57460,-38.87,32.02
57480,-38.87,32.02
57480,-38.98,43.69
57500,-38.98,43.69
57500,-38.97,31.2
57520,-38.97,31.2
57520,-38.24,34.15
57540,-38.24,34.15
57540,-38.18,40.23
57560,-38.18,40.23
57560,-38.72,38.51
57580,-38.72,38.51
57580,-37.01,37.27
57600,-37.01,37.27
57600,-38.25,37.08
57620,-38.25,37.08
57620,-38.1,32.04
57640,-38.1,32.04
57640,-37.35,30.19
57660,-37.35,30.19
57660,-37.87,33.07
57680,-37.87,33.07
57680,-37.84,36.8
57700,-37.84,36.8
57700,-36.81,32.82
57720,-36.81,32.82
57720,-36.93,35.09
57740,-36.93,35.09
57740,-37.62,32.54
57760,-37.62,32.54
57760,-38.05,45.85
57780,-38.05,45.85
57780,-37.41,34.01
57800,-37.41,34.01
57800,-37.07,29.58
57820,-37.07,29.58
57820,-37.05,27.78
57840,-37.05,27.78
57840,-37.24,31.88
57860,-37.24,31.88
57860,-37.58,28.65
57880,-37.58,28.65
57880,-37.75,36.46
57900,-37.75,36.46
57900,-37.56,33.7
57920,-37.56,33.7
57920,-38.75,41.86
57940,-38.75,41.86
57940,-39.14,44.11
57960,-39.14,44.11
57960,-37.39,38.13
57980,-37.39,38.13
57980,-35.81,25.36
58000,-35.81,25.36
58000,-36.97,32.06
58020,-36.97,32.06
58020,-37.73,30.28
58040,-37.73,30.28
58040,-39.68,77.95999999999998
58060,-39.68,77.95999999999998
58060,-39.17,114.11
58080,-39.17,114.11
58080,-39.77,123.31
58100,-39.77,123.31
58100,-39.02,112.92
58120,-39.02,112.92
58120,-39.06,100.73
58140,-39.06,100.73
58140,-39.69,119.17
58160,-39.69,119.17
58160,-39.17,65.38
58180,-39.17,65.38
58180,-36.77,36.49
58200,-36.77,36.49
58200,-37.12,39.14
58220,-37.12,39.14
58220,-36.65,30.83
58240,-36.65,30.83
58240,-37.3,26.65
58260,-37.3,26.65
58260,-39.28,82.53
58280,-39.28,82.53
58280,-40.41,146.21
58300,-40.41,146.21
58300,-39.87,181.09
58320,-39.87,181.09
58320,-40.29,175.32
58340,-40.29,175.32
58340,-40.9,164.52
58360,-40.9,164.52
58360,-39.67,160.35
58380,-39.67,160.35
58380,-40.11,237.48
58400,-40.11,237.48
58400,-40.99,217.3
58420,-40.99,217.3
58420,-39.7,205.79
58440,-39.7,205.79
58440,-40.68,252.25
58460,-40.68,252.25
58460,-41.13,267.84
58480,-41.13,267.84
58480,-39.33,197.72
58500,-39.33,197.72
58500,-40.8,191.69
58520,-40.8,191.69
58520,-38.72,182.02
58540,-38.72,182.02
58540,-38.87,99.06
58560,-38.87,99.06
58560,-38.69,59.85
58580,-38.69,59.85
58580,-38.23,62.6
58600,-38.23,62.6
58600,-38.15,64.46
58620,-38.15,64.46
58620,-37.75,37.63
58640,-37.75,37.63
58640,-35.86,34.11
58660,-35.86,34.11
58660,-38.08,35.66
58680,-38.08,35.66
58680,-38.25,34.68
58700,-38.25,34.68
58700,-37.42,30.57
58720,-37.42,30.57
58720,-36.71,39.18
58740,-36.71,39.18
58740,-37.92,38.19
58760,-37.92,38.19
58760,-38.27,38.62
58780,-38.27,38.62
58780,-39.62,63.13
58800,-39.62,63.13
58800,-39.17,65.61
58820,-39.17,65.61
58820,-38.17,52.07
58840,-38.17,52.07
58840,-37.3,34.72
58860,-37.3,34.72
58860,-37.18,37.09
58880,-37.18,37.09
58880,-37.64,33.02
58900,-37.64,33.02
58900,-37.59,32.4
58920,-37.59,32.4
58920,-36.25,29.2
58940,-36.25,29.2
58940,-36.43,27.82
58960,-36.43,27.82
58960,-36.46,NA
58980,-36.46,NA
58980,-37.18,26.51
59000,-37.18,26.51
59000,-36.6,33.27
59020,-36.6,33.27
59020,-36.02,29.42
59040,-36.02,29.42
59040,-36.78,36.6
59060,-36.78,36.6
59060,-38.39,54.59
59080,-38.39,54.59
59080,-40.43,110.31
59100,-40.43,110.31
59100,-39.93,171.7
59120,-39.93,171.7
59120,-38.82,198.69
59140,-38.82,198.69
59140,-40.41,188.12
59160,-40.41,188.12
59160,-39.71,178.14
59180,-39.71,178.14
59180,-39.7,199.57
59200,-39.7,199.57
59200,-40.15,190.5
59220,-40.15,190.5
59220,-40.96,194.84
59240,-40.96,194.84
59240,-41.19,169.88
59260,-41.19,169.88
59260,-39.92,129.26
59280,-39.92,129.26
59280,-38.61,68.93
59300,-38.61,68.93
59300,-38.86,73.48
59320,-38.86,73.48
59320,-36.58,37.99
59340,-36.58,37.99
59340,-36.09,38.32
59360,-36.09,38.32
59360,-36.02,27.31
59380,-36.02,27.31
59380,-36.57,31.2
59400,-36.57,31.2
59400,-37.47,32.49
59420,-37.47,32.49
59420,-39.8,46.23
59440,-39.8,46.23
59440,-39.94,82.76
59460,-39.94,82.76
59460,-39.75,168.76
59480,-39.75,168.76
59480,-40.22,198.83
59500,-40.22,198.83
59500,-40.67,212.15
59520,-40.67,212.15
59520,-41.18,222.96
59540,-41.18,222.96
59540,-40.86,238.83
59560,-40.86,238.83
59560,-39.74,224.77
59580,-39.74,224.77
59580,-40.56,229.69
59600,-40.56,229.69
59600,-40.28,175.42
59620,-40.28,175.42
59620,-40.63,197.43
59640,-40.63,197.43
59640,-41.6,250.08
59660,-41.6,250.08
59660,-40.93,216.34
59680,-40.93,216.34
59680,-41.49,224.53
59700,-41.49,224.53
59700,-39.59,178.03
59720,-39.59,178.03
59720,-40.89,225.31
59740,-40.89,225.31
59740,-40.36,225.88
59760,-40.36,225.88
59760,-40.41,221.64
59780,-40.41,221.64
59780,-41.17,246.03
59800,-41.17,246.03
59800,-42.87,244.69
59820,-42.87,244.69
59820,-41.51,300.42
59840,-41.51,300.42
59840,-41.63,218.79
59860,-41.63,218.79
59860,-41.04,212.28
59880,-41.04,212.28
59880,-40.6,237.5
59900,-40.6,237.5
59900,-40.81,231.38
59920,-40.81,231.38
59920,-41.9,233.96
59940,-41.9,233.96
59940,-40.98,233.94
59960,-40.98,233.94
59960,-39.76,240.73
59980,-39.76,240.73
59980,-41.66,255.73
60000,-41.66,255.73
60000,-41.34,252.1
60020,-41.34,252.1
60020,-41.52,227.07
60040,-41.52,227.07
60040,-41.32,221.82
60060,-41.32,221.82
60060,-41.37,234.47
60080,-41.37,234.47
60080,-42.41,283.28
60100,-42.41,283.28
60100,-39.99,255.81
60120,-39.99,255.81
60120,-41.1,250.54
60140,-41.1,250.54
60140,-41.11,342.23
60160,-41.11,342.23
60160,-40.16,295.63
60180,-40.16,295.63
60180,-39.74,301.46
60200,-39.74,301.46
60200,-39.53,257.95
60220,-39.53,257.95
60220,-40.32,310.09
60240,-40.32,310.09
60240,-40.41,311.3
60260,-40.41,311.3
60260,-40.22,312.26
60280,-40.22,312.26
60280,-41.14,311.9
60300,-41.14,311.9
60300,-40.31,345.23
60320,-40.31,345.23
60320,-38.68,301.5
60340,-38.68,301.5
60340,-40.15,366.89
60360,-40.15,366.89
60360,-41.03,381.58
60380,-41.03,381.58
60380,-40.63,217.49
60400,-40.63,217.49
60400,-39.97,215.32
60420,-39.97,215.32
60420,-40.03,234.14
60440,-40.03,234.14
60440,-40.38,253.42
60460,-40.38,253.42
60460,-39.99,225.24
60480,-39.99,225.24
60480,-40.94,261.05
60500,-40.94,261.05
60500,-40.2,230.59
60520,-40.2,230.59
60520,-40.21,255.82
60540,-40.21,255.82
60540,-39.9,261.39
60560,-39.9,261.39
60560,-41.27,265.04
60580,-41.27,265.04
60580,-40.95,134.02
60600,-40.95,134.02
60600,-40.51,173.1
60620,-40.51,173.1
60620,-42.02,254.39
60640,-42.02,254.39
60640,-41.43,253.71
60660,-41.43,253.71
60660,-40.55,324.32
60680,-40.55,324.32
60680,-38.79,358.64
60700,-38.79,358.64
60700,-40.49,289.51
60720,-40.49,289.51
60720,-40.92,275.79
60740,-40.92,275.79
60740,-39.64,249.23
60760,-39.64,249.23
60760,-41.28,266.25
60780,-41.28,266.25
60780,-40.56,267.33
60800,-40.56,267.33
60800,-41.27,305.89
60820,-41.27,305.89
60820,-40.43,232.36
60840,-40.43,232.36
60840,-41.6,273.1
60860,-41.6,273.1
60860,-40.76,316.21
60880,-40.76,316.21
60880,-39.75,263.03
60900,-39.75,263.03
60900,-41.23,297.3
60920,-41.23,297.3
60920,-40.24,249.26
60940,-40.24,249.26
60940,-40.28,289.22
60960,-40.28,289.22
60960,-41.05,305.03
60980,-41.05,305.03
60980,-40.04,305.96
61000,-40.04,305.96
61000,-39.12,300.95
61020,-39.12,300.95
61020,-37.99,279.1
61040,-37.99,279.1
61040,-40.36,298.44
61060,-40.36,298.44
61060,-42.13,317.36
61080,-42.13,317.36
61080,-40.28,252.7
61100,-40.28,252.7
61100,-40.29,305.69
61120,-40.29,305.69
61120,-40.1,258.78
61140,-40.1,258.78
61140,-41.86,281.77
61160,-41.86,281.77
61160,-40.88,334.33
61180,-40.88,334.33
61180,-40.05,266.33
61200,-40.05,266.33
61200,-42.67,317.41
61220,-42.67,317.41
61220,-41.01,351.02
61240,-41.01,351.02
61240,-42.13,293.7
61260,-42.13,293.7
61260,-41.02,365.06
61280,-41.02,365.06
61280,-40.67,455.14
61300,-40.67,455.14
61300,-39.46,239
61320,-39.46,239
61320,-40.29,294.86
61340,-40.29,294.86
61340,-41.13,348.65
61360,-41.13,348.65
61360,-41.43,371.26
61380,-41.43,371.26
61380,-42.41,326.46
61400,-42.41,326.46
61400,-42.11,339.52
61420,-42.11,339.52
61420,-41.03,349.9
61440,-41.03,349.9
61440,-41.17,346.44
61460,-41.17,346.44
61460,-41.17,367.4
61480,-41.17,367.4
61480,-41.47,338.46
61500,-41.47,338.46
61500,-42,383.17
61520,-42,383.17
61520,-40.47,287.37
61540,-40.47,287.37
61540,-41.38,295.26
61560,-41.38,295.26
61560,-41.82,304.24
61580,-41.82,304.24
61580,-42.05,306.15
61600,-42.05,306.15
61600,-41.4,271.62
61620,-41.4,271.62
61620,-41.67,345.39
61640,-41.67,345.39
61640,-41.38,305.07
61660,-41.38,305.07
61660,-42.51,450.52
61680,-42.51,450.52
61680,-42.62,369.88
61700,-42.62,369.88
61700,-40.94,315.47
61720,-40.94,315.47
61720,-41.12,297.43
61740,-41.12,297.43
61740,-41.13,320
61760,-41.13,320
61760,-41.98,435.26
61780,-41.98,435.26
61780,-41.11,340.15
61800,-41.11,340.15
61800,-40.94,380.95
61820,-40.94,380.95
61820,-41.94,NA
61840,-41.94,NA
61840,-40.88,369.13
61860,-40.88,369.13
61860,-41.18,326.55
61880,-41.18,326.55
61880,-41.46,385.69
61900,-41.46,385.69
61900,-41.17,393.9
61920,-41.17,393.9
61920,-40.11,300.63
61940,-40.11,300.63
61940,-40.29,408.36
61960,-40.29,408.36
61960,-40,361.59
61980,-40,361.59
61980,-41.68,382.56
62000,-41.68,382.56
62000,-40.26,284.43
62020,-40.26,284.43
62020,-41.6,419.53
62040,-41.6,419.53
62040,-39.9,435.37
62060,-39.9,435.37
62060,-39.29,373.43
62080,-39.29,373.43
62080,-39.44,NA
62100,-39.44,NA
62100,-41.71,368.68
62120,-41.71,368.68
62120,-41.91,400.68
62140,-41.91,400.68
62140,-41.9,444.33
62160,-41.9,444.33
62160,-40.94,363.83
62180,-40.94,363.83
62180,-42.38,516.92
62200,-42.38,516.92
62200,-43.27,467.35
62220,-43.27,467.35
62220,-41.02,420.67
62240,-41.02,420.67
62240,-40.93,324.73
62260,-40.93,324.73
62260,-39.2,374.28
62280,-39.2,374.28
62280,-41.59,327.72
62300,-41.59,327.72
62300,-42.13,491.95
62320,-42.13,491.95
62320,-40.91,385.26
62340,-40.91,385.26
62340,-42.77,450.15
62360,-42.77,450.15
62360,-43.49,389.05
62380,-43.49,389.05
62380,-41.91,399.69
62400,-41.91,399.69
62400,-39.64,416.08
62420,-39.64,416.08
62420,-41.02,260.54
62440,-41.02,260.54
62440,-42.42,288.92
62460,-42.42,288.92
62460,-40.88,340.03
62480,-40.88,340.03
62480,-43.21,413.43
62500,-43.21,413.43
62500,-40.62,413.85
62520,-40.62,413.85
62520,-42.05,524.73
62540,-42.05,524.73
62540,-41.99,432.01
62560,-41.99,432.01
62560,-42.23,454.29
62580,-42.23,454.29
62580,-41.78,441.77
62600,-41.78,441.77
62600,-42.39,445.74
62620,-42.39,445.74
62620,-42.26,479.37
62640,-42.26,479.37
62640,-42.03,409.74
62660,-42.03,409.74
62660,-40.63,339.59
62680,-40.63,339.59
62680,-41.21,367.82
62700,-41.21,367.82
62700,-40.6,444.81
62720,-40.6,444.81
62720,-42.46,377.89
62740,-42.46,377.89
62740,-41.1,386.32
62760,-41.1,386.32
62760,-41.38,456.01
62780,-41.38,456.01
62780,-41.57,426.47
62800,-41.57,426.47
62800,-42.41,338.55
62820,-42.41,338.55
62820,-41.77,356.48
62840,-41.77,356.48
62840,-41.94,391.24
62860,-41.94,391.24
62860,-41.87,324.49
62880,-41.87,324.49
62880,-40.71,292.58
62900,-40.71,292.58
62900,-41.69,322.47
62920,-41.69,322.47
62920,-41.3,358.26
62940,-41.3,358.26
62940,-41.42,NA
62960,-41.42,NA
62960,-41.03,NA
62980,-41.03,NA
62980,-43.34,NA
63000,-43.34,NA
63000,-43.11,NA
63020,-43.11,NA
63020,-42.82,351.48
63040,-42.82,351.48
63040,-41.85,259.63
63060,-41.85,259.63
63060,-41.15,312.9
63080,-41.15,312.9
63080,-40.22,322.05
63100,-40.22,322.05
63100,-40.73,269.51
63120,-40.73,269.51
63120,-40.16,259.63
63140,-40.16,259.63
63140,-40.13,226.75
63160,-40.13,226.75
63160,-42.08,218.2
63180,-42.08,218.2
63180,-41.32,207.27
63200,-41.32,207.27
63200,-40.56,167.03
63220,-40.56,167.03
63220,-41.59,209.2
63240,-41.59,209.2
63240,-39.58,185.44
63260,-39.58,185.44
63260,-40.3,130.87
63280,-40.3,130.87
63280,-41.23,140.08
63300,-41.23,140.08
63300,-40.83,150.64
63320,-40.83,150.64
63320,-41.08,168.64
63340,-41.08,168.64
63340,-40.32,162.37
63360,-40.32,162.37
63360,-39.33,127.23
63380,-39.33,127.23
63380,-40.76,148.73
63400,-40.76,148.73
63400,-40.99,158.44
63420,-40.99,158.44
63420,-40.82,118.17
63440,-40.82,118.17
63440,-40.3,133.03
63460,-40.3,133.03
63460,-39.38,126.02
63480,-39.38,126.02
63480,-41.13,166.38
63500,-41.13,166.38
63500,-40.79,140.18
63520,-40.79,140.18
63520,-40.41,230.63
63540,-40.41,230.63
63540,-40.14,226.25
63560,-40.14,226.25
63560,-41.4,214.22
63580,-41.4,214.22
63580,-41.71,352.42
63600,-41.71,352.42
63600,-40.94,233.21
63620,-40.94,233.21
63620,-41.15,207.97
63640,-41.15,207.97
63640,-40.65,201.03
63660,-40.65,201.03
63660,-39.9,190.05
63680,-39.9,190.05
63680,-41.21,201.66
63700,-41.21,201.66
63700,-39.56,168.98
63720,-39.56,168.98
63720,-39.45,166.76
63740,-39.45,166.76
63740,-39.96,187.14
63760,-39.96,187.14
63760,-40.07,150.2
63780,-40.07,150.2
63780,-40.66,NA
63800,-40.66,NA
63800,-40.4,118.61
63820,-40.4,118.61
63820,-39.01,71.74
63840,-39.01,71.74
63840,-38.24,62.64
63860,-38.24,62.64
63860,-37.32,55.18
63880,-37.32,55.18
63880,-37.59,55.45
63900,-37.59,55.45
63900,-37.64,52.5
63920,-37.64,52.5
63920,-37.23,47.44
63940,-37.23,47.44
63940,-37.75,50.19
63960,-37.75,50.19
63960,-38.04,45.95
63980,-38.04,45.95
63980,-38.34,42.52
64000,-38.34,42.52
64000,-38.72,43.08
64020,-38.72,43.08
64020,-37.89,50.76
64040,-37.89,50.76
64040,-37.58,45.89
64060,-37.58,45.89
64060,-39.56,88.16
64080,-39.56,88.16
64080,-39.7,131.09
64100,-39.7,131.09
64100,-41.04,133.72
64120,-41.04,133.72
64120,-41.24,179.76
64140,-41.24,179.76
64140,-41.26,219.3
64160,-41.26,219.3
64160,-41.13,188.02
64180,-41.13,188.02
64180,-41.75,284.07
64200,-41.75,284.07
64200,-42.71,353.43
64220,-42.71,353.43
64220,-41.58,283.91
64240,-41.58,283.91
64240,-41.05,251.95
64260,-41.05,251.95
64260,-41.28,249.9
64280,-41.28,249.9
64280,-42.67,301.72
64300,-42.67,301.72
64300,-41.12,272.94
64320,-41.12,272.94
64320,-40.58,224.47
64340,-40.58,224.47
64340,-41.61,227.72
64360,-41.61,227.72
64360,-41.45,239.69
64380,-41.45,239.69
64380,-41.65,220.06
64400,-41.65,220.06
64400,-41.36,225.06
64420,-41.36,225.06
64420,-41.14,298.78
64440,-41.14,298.78
64440,-42.94,392.2
64460,-42.94,392.2
64460,-41.78,274.3
64480,-41.78,274.3
64480,-41.83,282.2
64500,-41.83,282.2
64500,-43.46,266.04
64520,-43.46,266.04
64520,-41.58,256.37
64540,-41.58,256.37
64540,-41.23,283.48
64560,-41.23,283.48
64560,-41.25,286.07
64580,-41.25,286.07
64580,-41.77,376.29
64600,-41.77,376.29
64600,-41.36,284.1
64620,-41.36,284.1
64620,-41.49,248.2
64640,-41.49,248.2
64640,-41.99,264.26
64660,-41.99,264.26
64660,-41.81,283.78
64680,-41.81,283.78
64680,-41.96,272.44
64700,-41.96,272.44
64700,-40.4,268.66
64720,-40.4,268.66
64720,-40.33,212.09
64740,-40.33,212.09
64740,-42.36,235.8
64760,-42.36,235.8
64760,-42.46,335.39
64780,-42.46,335.39
64780,-41.65,250.49
64800,-41.65,250.49
64800,-41.89,277.47
64820,-41.89,277.47
64820,-41.07,157.25
64840,-41.07,157.25
64840,-41.7,272.53
64860,-41.7,272.53
64860,-41.91,257.93
64880,-41.91,257.93
64880,-40.77,220.89
64900,-40.77,220.89
64900,-39.87,249.09
64920,-39.87,249.09
64920,-41.54,257.81
64940,-41.54,257.81
64940,-41.4,275.53
64960,-41.4,275.53
64960,-41.64,NA
64980,-41.64,NA
64980,-39.85,329.65
65000,-39.85,329.65
65000,-41.04,245.01
65020,-41.04,245.01
65020,-41.9,254.05
65040,-41.9,254.05
65040,-40.59,220.76
65060,-40.59,220.76
65060,-41.51,211.35
65080,-41.51,211.35
65080,-40.22,180.49
65100,-40.22,180.49
65100,-39.57,223.1
65120,-39.57,223.1
65120,-39.51,215.17
65140,-39.51,215.17
65140,-39.73,239.2
65160,-39.73,239.2
65160,-41.17,233.75
65180,-41.17,233.75
65180,-40.77,289.87
65200,-40.77,289.87
65200,-41.53,287.4
65220,-41.53,287.4
65220,-42.95,356.95
65240,-42.95,356.95
65240,-42.27,463.01
65260,-42.27,463.01
65260,-41.41,425.5
65280,-41.41,425.5
65280,-42.29,493.06
65300,-42.29,493.06
65300,-41.58,536.68
65320,-41.58,536.68
65320,-41.08,333.33
65340,-41.08,333.33
65340,-42.44,546.02
65360,-42.44,546.02
65360,-42.57,389.07
65380,-42.57,389.07
65380,-42.95,447.93
65400,-42.95,447.93
65400,-40.84,354.1
65420,-40.84,354.1
65420,-42.1,NA
65440,-42.1,NA
65440,-41.93,255.37
65460,-41.93,255.37
65460,-41.43,359.64
65480,-41.43,359.64
65480,-42.87,313.55
65500,-42.87,313.55
65500,-42.71,355.49
65520,-42.71,355.49
65520,-43.21,305.68
65540,-43.21,305.68
65540,-42.5,302.57
65560,-42.5,302.57
65560,-41.29,263.59
65580,-41.29,263.59
65580,-43.18,304.74
65600,-43.18,304.74
65600,-43.07,NA
65620,-43.07,NA
65620,-42.43,321.13
65640,-42.43,321.13
65640,-41.03,438.74
65660,-41.03,438.74
65660,-42.08,464.74
65680,-42.08,464.74
65680,-42.88,329.37
65700,-42.88,329.37
65700,-41.26,318.08
65720,-41.26,318.08
65720,-42.08,480.44
65740,-42.08,480.44
65740,-40.45,419.64
65760,-40.45,419.64
65760,-40.47,248.84
65780,-40.47,248.84
65780,-43.41,407.94
65800,-43.41,407.94
65800,-41.82,406.05
65820,-41.82,406.05
65820,-42.63,477.17
65840,-42.63,477.17
65840,-43.36,386.04
65860,-43.36,386.04
65860,-42.74,425.03
65880,-42.74,425.03
65880,-42.17,373.46
65900,-42.17,373.46
65900,-42.09,417.44
65920,-42.09,417.44
65920,-41.36,324.71
65940,-41.36,324.71
65940,-41.46,392.12
65960,-41.46,392.12
65960,-41.63,408.45
65980,-41.63,408.45
65980,-41.54,330.33
66000,-41.54,330.33
66000,-42.37,421.58
66020,-42.37,421.58
66020,-42.82,490.52
66040,-42.82,490.52
66040,-41.58,413.17
66060,-41.58,413.17
66060,-42.61,337.82
66080,-42.61,337.82
66080,-40.91,378.54
66100,-40.91,378.54
66100,-40.62,320.42
66120,-40.62,320.42
66120,-41.86,NA
66140,-41.86,NA
66140,-40.97,306.23
66160,-40.97,306.23
66160,-41.82,316.04
66180,-41.82,316.04
66180,-41.35,296.68
66200,-41.35,296.68
66200,-40.69,257.34
66220,-40.69,257.34
66220,-40.92,206.18
66240,-40.92,206.18
66240,-42.25,389.71
66260,-42.25,389.71
66260,-40.99,241.82
66280,-40.99,241.82
66280,-40.67,251.54
66300,-40.67,251.54
66300,-41.41,215.16
66320,-41.41,215.16
66320,-41.29,292.31
66340,-41.29,292.31
66340,-41.08,245.22
66360,-41.08,245.22
66360,-43.02,315.37
66380,-43.02,315.37
66380,-41.45,283.24
66400,-41.45,283.24
66400,-41,311.89
66420,-41,311.89
66420,-41.63,239.65
66440,-41.63,239.65
66440,-41.55,232.67
66460,-41.55,232.67
66460,-41.91,300.68
66480,-41.91,300.68
66480,-39.92,212.21
66500,-39.92,212.21
66500,-40.09,229.1
66520,-40.09,229.1
66520,-41.98,216.83
66540,-41.98,216.83
66540,-41.71,227.47
66560,-41.71,227.47
66560,-40.79,203.39
66580,-40.79,203.39
66580,-43.22,231.83
66600,-43.22,231.83
66600,-41.86,247.21
66620,-41.86,247.21
66620,-42.07,241.77
66640,-42.07,241.77
66640,-40.61,236.9
66660,-40.61,236.9
66660,-41.17,231.93
66680,-41.17,231.93
66680,-42.06,277.72
66700,-42.06,277.72
66700,-42.08,237.38
66720,-42.08,237.38
66720,-40.93,255.26
66740,-40.93,255.26
66740,-41.54,280.15
66760,-41.54,280.15
66760,-40.02,247.13
66780,-40.02,247.13
66780,-40.81,205.26
66800,-40.81,205.26
66800,-40.15,242.63
66820,-40.15,242.63
66820,-43.8,221.31
66840,-43.8,221.31
66840,-42.27,313.87
66860,-42.27,313.87
66860,-40.59,261.93
66880,-40.59,261.93
66880,-40.7,230.51
66900,-40.7,230.51
66900,-41.76,204.71
66920,-41.76,204.71
66920,-41.41,216.3
66940,-41.41,216.3
66940,-41.14,194.91
66960,-41.14,194.91
66960,-40.71,171.22
66980,-40.71,171.22
66980,-40.77,163.16
67000,-40.77,163.16
67000,-41.3,229.82
67020,-41.3,229.82
67020,-42.28,253.9
67040,-42.28,253.9
67040,-42.25,309.01
67060,-42.25,309.01
67060,-41.26,190.08
67080,-41.26,190.08
67080,-41.05,215.32
67100,-41.05,215.32
67100,-41.17,197.37
67120,-41.17,197.37
67120,-41.74,219.91
67140,-41.74,219.91
67140,-41.25,175.16
67160,-41.25,175.16
67160,-40.9,217.66
67180,-40.9,217.66
67180,-42.19,186.76
67200,-42.19,186.76
67200,-42.41,189.76
67220,-42.41,189.76
67220,-41.65,193.58
67240,-41.65,193.58
67240,-43.44,201.55
67260,-43.44,201.55
67260,-41.08,172.83
67280,-41.08,172.83
67280,-40.94,170.64
67300,-40.94,170.64
67300,-41.42,242.51
67320,-41.42,242.51
67320,-41.19,160.49
67340,-41.19,160.49
67340,-41.33,159.38
67360,-41.33,159.38
67360,-41.9,177.51
67380,-41.9,177.51
67380,-40.04,141.83
67400,-40.04,141.83
67400,-40.22,151.08
67420,-40.22,151.08
67420,-41.82,216.39
67440,-41.82,216.39
67440,-42.75,231.57
67460,-42.75,231.57
67460,-41.64,295.97
67480,-41.64,295.97
67480,-42.06,330.83
67500,-42.06,330.83
67500,-41.16,305.71
67520,-41.16,305.71
67520,-41.99,295.91
67540,-41.99,295.91
67540,-42.49,330.43
67560,-42.49,330.43
67560,-42.21,388.88
67580,-42.21,388.88
67580,-41.84,285.99
67600,-41.84,285.99
67600,-41.92,353.99
67620,-41.92,353.99
67620,-41.91,384.28
67640,-41.91,384.28
67640,-42.25,331.36
67660,-42.25,331.36
67660,-41.4,347.9
67680,-41.4,347.9
67680,-41.61,305.95
67700,-41.61,305.95
67700,-41.88,353.58
67720,-41.88,353.58
67720,-41.81,386.55
67740,-41.81,386.55
67740,-42.41,337.16
67760,-42.41,337.16
67760,-42.04,329.96
67780,-42.04,329.96
67780,-42.37,282.38
67800,-42.37,282.38
67800,-41.74,361.06
67820,-41.74,361.06
67820,-42.07,312.16
67840,-42.07,312.16
67840,-41.34,319.97
67860,-41.34,319.97
67860,-41.43,279.95
67880,-41.43,279.95
67880,-41.5,347.48
67900,-41.5,347.48
67900,-42.15,340.45
67920,-42.15,340.45
67920,-42.82,315.7
67940,-42.82,315.7
67940,-40.36,302.25
67960,-40.36,302.25
67960,-39.93,405.24
67980,-39.93,405.24
67980,-39.76,475.6
68000,-39.76,475.6
68000,-41.68,357.4
68020,-41.68,357.4
68020,-42.29,404.51
68040,-42.29,404.51
68040,-41.59,309.03
68060,-41.59,309.03
68060,-42.52,371.26
68080,-42.52,371.26
68080,-42.17,299.84
68100,-42.17,299.84
68100,-41.62,286.37
68120,-41.62,286.37
68120,-41.55,390.55
68140,-41.55,390.55
68140,-41.86,337.74
68160,-41.86,337.74
68160,-41.9,321.67
68180,-41.9,321.67
68180,-43,393.89
68200,-43,393.89
68200,-41.6,303.61
68220,-41.6,303.61
68220,-41.97,359.4
68240,-41.97,359.4
68240,-43.11,408.04
68260,-43.11,408.04
68260,-42.02,308.74
68280,-42.02,308.74
68280,-41.5,236.54
68300,-41.5,236.54
68300,-42.15,245.03
68320,-42.15,245.03
68320,-43.19,318.35
68340,-43.19,318.35
68340,-42.21,300.06
68360,-42.21,300.06
68360,-41.86,312.46
68380,-41.86,312.46
68380,-43.23,318.18
68400,-43.23,318.18
68400,-42.43,300.17
68420,-42.43,300.17
68420,-40.71,NA
68440,-40.71,NA
68440,-40.79,137.83
68460,-40.79,137.83
68460,-41.65,128.46
68480,-41.65,128.46
68480,-40.89,166.1
68500,-40.89,166.1
68500,-40.75,221.55
68520,-40.75,221.55
68520,-42.39,210.44
68540,-42.39,210.44
68540,-41.57,165.16
68560,-41.57,165.16
68560,-41.31,181.27
68580,-41.31,181.27
68580,-41.28,165.62
68600,-41.28,165.62
68600,-40.9,176.98
68620,-40.9,176.98
68620,-42.77,196.8
68640,-42.77,196.8
68640,-42.07,218.29
68660,-42.07,218.29
68660,-41.78,209.08
68680,-41.78,209.08
68680,-41.68,139.11
68700,-41.68,139.11
68700,-42.95,167.59
68720,-42.95,167.59
68720,-41.55,147.22
68740,-41.55,147.22
68740,-40.39,124.67
68760,-40.39,124.67
68760,-40.41,140.43
68780,-40.41,140.43
68780,-40.79,127.47
68800,-40.79,127.47
68800,-41.76,129.58
68820,-41.76,129.58
68820,-42.3,143.85
68840,-42.3,143.85
68840,-40.55,130.89
68860,-40.55,130.89
68860,-41.38,147.86
68880,-41.38,147.86
68880,-42.01,157.9
68900,-42.01,157.9
68900,-42.13,125.71
68920,-42.13,125.71
68920,-40.9,129.68
68940,-40.9,129.68
68940,-40.46,108.36
68960,-40.46,108.36
68960,-40.3,127.21
68980,-40.3,127.21
68980,-41.06,119.29
69000,-41.06,119.29
69000,-40.97,110.63
69020,-40.97,110.63
69020,-41.12,136.04
69040,-41.12,136.04
69040,-41.39,129.58
69060,-41.39,129.58
69060,-42.44,161.94
69080,-42.44,161.94
69080,-42.17,160.89
69100,-42.17,160.89
69100,-42.67,163.87
69120,-42.67,163.87
69120,-41.97,153.55
69140,-41.97,153.55
69140,-41.34,143.58
69160,-41.34,143.58
69160,-42.47,151.68
69180,-42.47,151.68
69180,-42.46,169.84
69200,-42.46,169.84
69200,-42.53,157.96
69220,-42.53,157.96
69220,-40.59,118.19
69240,-40.59,118.19
69240,-41.49,136.76
69260,-41.49,136.76
69260,-41.52,130.43
69280,-41.52,130.43
69280,-41.95,NA
69300,-41.95,NA
69300,-40.44,145.63
69320,-40.44,145.63
69320,-41.63,176.87
69340,-41.63,176.87
69340,-41.09,162.37
69360,-41.09,162.37
69360,-41.37,165.9
69380,-41.37,165.9
69380,-41.14,141.65
69400,-41.14,141.65
69400,-39.96,112.14
69420,-39.96,112.14
69420,-39.99,96.25
69440,-39.99,96.25
69440,-39.88,75.86
69460,-39.88,75.86
69460,-39.28,62.4
69480,-39.28,62.4
69480,-38.24,54.68
69500,-38.24,54.68
69500,-38.4,48.66
69520,-38.4,48.66
69520,-38.09,41.55
69540,-38.09,41.55
69540,-37.39,42.01
69560,-37.39,42.01
69560,-37.82,43.19
69580,-37.82,43.19
69580,-39.89,77.38
69600,-39.89,77.38
69600,-41.17,123.99
69620,-41.17,123.99
69620,-41.24,171.26
69640,-41.24,171.26
69640,-41.99,272.79
69660,-41.99,272.79
69660,-42.17,251.48
69680,-42.17,251.48
69680,-42.54,289.65
69700,-42.54,289.65
69700,-41.75,274.17
69720,-41.75,274.17
69720,-42.1,262.77
69740,-42.1,262.77
69740,-41.73,352.76
69760,-41.73,352.76
69760,-41.83,276.24
69780,-41.83,276.24
69780,-41.7,359.52
69800,-41.7,359.52
69800,-41.75,365.27
69820,-41.75,365.27
69820,-41.14,346.63
69840,-41.14,346.63
69840,-42.06,382.1
69860,-42.06,382.1
69860,-42.28,298.51
69880,-42.28,298.51
69880,-42.41,324.04
69900,-42.41,324.04
69900,-42.2,326.79
69920,-42.2,326.79
69920,-43.45,360.09
69940,-43.45,360.09
69940,-44.2,344.18
69960,-44.2,344.18
69960,-42.74,321.35
69980,-42.74,321.35
69980,-41.94,341.95
70000,-41.94,341.95
70000,-42.67,361.18
70020,-42.67,361.18
70020,-43.24,289.06
70040,-43.24,289.06
70040,-42.4,349.76
70060,-42.4,349.76
70060,-40.97,171.12
70080,-40.97,171.12
70080,-40.08,190.52
70100,-40.08,190.52
70100,-40.78,248.39
70120,-40.78,248.39
70120,-43.72,258.59
70140,-43.72,258.59
70140,-42.87,290.66
70160,-42.87,290.66
70160,-42.8,207.73
70180,-42.8,207.73
70180,-42.05,215.29
70200,-42.05,215.29
70200,-41.74,173.69
70220,-41.74,173.69
70220,-41.06,165.36
70240,-41.06,165.36
70240,-40.97,147.96
70260,-40.97,147.96
70260,-41.3,153.93
70280,-41.3,153.93
70280,-42.06,148.39
70300,-42.06,148.39
70300,-40.18,125.09
70320,-40.18,125.09
70320,-41.13,253.21
70340,-41.13,253.21
70340,-40.02,109.43
70360,-40.02,109.43
70360,-40.21,141.41
70380,-40.21,141.41
70380,-40.04,95.86
70400,-40.04,95.86
70400,-40.15,81.7
70420,-40.15,81.7
70420,-40.61,80.92
70440,-40.61,80.92
70440,-40.01,83.07
70460,-40.01,83.07
70460,-40.44,82.61
70480,-40.44,82.61
70480,-41.44,73.25
70500,-41.44,73.25
70500,-40.99,68.57
70520,-40.99,68.57
70520,-40.13,61.24
70540,-40.13,61.24
70540,-39.4,63.21
70560,-39.4,63.21
70560,-39.7,64.2
70580,-39.7,64.2
70580,-39.37,57.05
70600,-39.37,57.05
70600,-39,60.83
70620,-39,60.83
70620,-39.65,62.43
70640,-39.65,62.43
70640,-39.78,55.66
70660,-39.78,55.66
70660,-40.75,NA
70680,-40.75,NA
70680,-39.61,51.41
70700,-39.61,51.41
70700,-40.03,57.44
70720,-40.03,57.44
70720,-39.03,50.37
70740,-39.03,50.37
70740,-39.76,52.62
70760,-39.76,52.62
70760,-40.65,49.67
70780,-40.65,49.67
70780,-39.25,49.76
70800,-39.25,49.76
70800,-39.38,41.82
70820,-39.38,41.82
70820,-38.18,45.57
70840,-38.18,45.57
70840,-38.38,36.02
70860,-38.38,36.02
70860,-38.36,41.25
70880,-38.36,41.25
70880,-38.3,35.92
70900,-38.3,35.92
70900,-38.74,38.55
70920,-38.74,38.55
70920,-38.52,31.21
70940,-38.52,31.21
70940,-38.08,29.71
70960,-38.08,29.71
70960,-38.14,37.35
70980,-38.14,37.35
70980,-37.9,32.91
71000,-37.9,32.91
71000,-38.13,33.87
71020,-38.13,33.87
71020,-38.39,32.19
71040,-38.39,32.19
71040,-39.04,32.1
71060,-39.04,32.1
71060,-38.47,27.84
71080,-38.47,27.84
71080,-38.41,41.31
71100,-38.41,41.31
71100,-38.41,39.69
71120,-38.41,39.69
71120,-38.07,40.25
71140,-38.07,40.25
71140,-38.45,42.5
71160,-38.45,42.5
71160,-38.04,40.49
71180,-38.04,40.49
71180,-38.4,44.37
71200,-38.4,44.37
71200,-38.58,40.06
71220,-38.58,40.06
71220,-38.44,48.99
71240,-38.44,48.99
71240,-37.92,44.03
71260,-37.92,44.03
71260,-38.57,46
71280,-38.57,46
71280,-37.9,28.26
71300,-37.9,28.26
71300,-37.92,23.63
71320,-37.92,23.63
71320,-37.1,22.69
71340,-37.1,22.69
71340,-37.92,28.1
71360,-37.92,28.1
71360,-38.5,30.93
71380,-38.5,30.93
71380,-38.68,28.95
71400,-38.68,28.95
71400,-38.05,24.67
71420,-38.05,24.67
71420,-37.88,31.38
71440,-37.88,31.38
71440,-36.88,25.81
71460,-36.88,25.81
71460,-37.82,22.66
71480,-37.82,22.66
71480,-37.54,26.55
71500,-37.54,26.55
71500,-38.36,25.2
71520,-38.36,25.2
71520,-37.46,27.76
71540,-37.46,27.76
71540,-37.94,29.47
71560,-37.94,29.47
71560,-37.82,28.11
71580,-37.82,28.11
71580,-37.39,25.89
71600,-37.39,25.89
71600,-38.31,21.88
71620,-38.31,21.88
71620,-38,22.23
71640,-38,22.23
71640,-38.29,26.7
71660,-38.29,26.7
71660,-38.12,22.09
71680,-38.12,22.09
71680,-37.63,24.31
71700,-37.63,24.31
71700,-37.15,22.62
71720,-37.15,22.62
71720,-37.22,19.01
71740,-37.22,19.01
71740,-38.11,25.46
71760,-38.11,25.46
71760,-37.69,29.51
71780,-37.69,29.51
71780,-37.69,40.31
71800,-37.69,40.31
71800,-37.66,26.95
71820,-37.66,26.95
71820,-37.07,30.16
71840,-37.07,30.16
71840,-37.04,29.56
71860,-37.04,29.56
71860,-36.55,27.63
71880,-36.55,27.63
71880,-36.66,30.77
71900,-36.66,30.77
71900,-37.02,35.2
71920,-37.02,35.2
71920,-36.88,31.87
71940,-36.88,31.87
71940,-36.72,27.64
71960,-36.72,27.64
71960,-36.97,29.88
71980,-36.97,29.88
71980,-37.08,35.99
72000,-37.08,35.99
72000,-36.83,34.58
72020,-36.83,34.58
72020,-36.67,36.07
72040,-36.67,36.07
72040,-36.9,33.19
72060,-36.9,33.19
72060,-36.4,32.7
72080,-36.4,32.7
72080,-36.54,29.25
72100,-36.54,29.25
72100,-36.28,23.19
72120,-36.28,23.19
72120,-36.31,29.57
72140,-36.31,29.57
72140,-36.2,27.46
72160,-36.2,27.46
72160,-37.06,26.38
72180,-37.06,26.38
72180,-35.55,27.61
72200,-35.55,27.61
72200,-36.16,21.76
72220,-36.16,21.76
72220,-36.19,28.06
72240,-36.19,28.06
72240,-36.36,37.44
72260,-36.36,37.44
72260,-36.09,46.33
72280,-36.09,46.33
72280,-36.41,49.64
72300,-36.41,49.64
72300,-36.35,55.91
72320,-36.35,55.91
72320,-36.55,57.32
72340,-36.55,57.32
72340,-37.82,84.74
72360,-37.82,84.74
72360,-39.28,178.33
72380,-39.28,178.33
72380,-41.23,231.99
72400,-41.23,231.99
72400,-41.67,263.12
72420,-41.67,263.12
72420,-41.56,256.08
72440,-41.56,256.08
72440,-42.81,352.45
72460,-42.81,352.45
72460,-42.18,377.37
72480,-42.18,377.37
72480,-42,460.29
72500,-42,460.29
72500,-42.46,391.3
72520,-42.46,391.3
72520,-42.09,329.21
72540,-42.09,329.21
72540,-41.9,272.12
72560,-41.9,272.12
72560,-43.14,335.65
72580,-43.14,335.65
72580,-43.87,422.6
72600,-43.87,422.6
72600,-43.38,536.84
72620,-43.38,536.84
72620,-42.79,388.91
72640,-42.79,388.91
72640,-41.78,341.18
72660,-41.78,341.18
72660,-42.02,330.61
72680,-42.02,330.61
72680,-43.42,374.11
72700,-43.42,374.11
72700,-42.82,380.82
72720,-42.82,380.82
72720,-42.59,380.48
72740,-42.59,380.48
72740,-41.95,304.7
72760,-41.95,304.7
72760,-42.96,441.2
72780,-42.96,441.2
72780,-43.75,477.13
72800,-43.75,477.13
72800,-43.67,475.07
72820,-43.67,475.07
72820,-43.05,462.98
72840,-43.05,462.98
72840,-41.7,375.11
72860,-41.7,375.11
72860,-42.26,331.74
72880,-42.26,331.74
72880,-42.95,375.3
72900,-42.95,375.3
72900,-42.52,353.91
72920,-42.52,353.91
72920,-42.62,NA
72940,-42.62,NA
72940,-42.79,350.81
72960,-42.79,350.81
72960,-43.18,343.1
72980,-43.18,343.1
72980,-42.72,401.33
73000,-42.72,401.33
73000,-42.59,366.76
73020,-42.59,366.76
73020,-41.99,333.27
73040,-41.99,333.27
73040,-42.51,371.14
73060,-42.51,371.14
73060,-42.74,384.44
73080,-42.74,384.44
73080,-43.14,413.65
73100,-43.14,413.65
73100,-45.07,429.55
73120,-45.07,429.55
73120,-43.33,431.7
73140,-43.33,431.7
73140,-41.75,374.44
73160,-41.75,374.44
73160,-42.76,368.61
73180,-42.76,368.61
73180,-43.19,470.88
73200,-43.19,470.88
73200,-42.27,335.94
73220,-42.27,335.94
73220,-42.11,374.33
73240,-42.11,374.33
73240,-43.34,403.01
73260,-43.34,403.01
73260,-42.77,442.26
73280,-42.77,442.26
73280,-42.58,398.19
73300,-42.58,398.19
73300,-41.37,331.97
73320,-41.37,331.97
73320,-41.27,363.37
73340,-41.27,363.37
73340,-43.16,349.28
73360,-43.16,349.28
73360,-42.77,367.79
73380,-42.77,367.79
73380,-43.06,375.79
73400,-43.06,375.79
73400,-43.09,NA
73420,-43.09,NA
73420,-42.4,436.1
73440,-42.4,436.1
73440,-43.97,NA
73460,-43.97,NA
73460,-44.54,316.83
73480,-44.54,316.83
73480,-43.52,340.01
73500,-43.52,340.01
73500,-42.7,410.79
73520,-42.7,410.79
73520,-42.52,399.05
73540,-42.52,399.05
73540,-42.27,337
73560,-42.27,337
73560,-43.37,421.47
73580,-43.37,421.47
73580,-43.73,443.99
73600,-43.73,443.99
73600,-44.04,445.82
73620,-44.04,445.82
73620,-41.43,406.9
73640,-41.43,406.9
73640,-41.27,390.69
73660,-41.27,390.69
73660,-41.96,454.59
73680,-41.96,454.59
73680,-42.8,435.33
73700,-42.8,435.33
73700,-42.38,433.63
73720,-42.38,433.63
73720,-42.71,362.53
73740,-42.71,362.53
73740,-42.89,340.56
73760,-42.89,340.56
73760,-44.63,496.43
73780,-44.63,496.43
73780,-43.6,523.9
73800,-43.6,523.9
73800,-42.69,462.84
73820,-42.69,462.84
73820,-42.07,368.96
73840,-42.07,368.96
73840,-43.05,398.8
73860,-43.05,398.8
73860,-42.95,414.35
73880,-42.95,414.35
73880,-42.52,337.32
73900,-42.52,337.32
73900,-42.97,406.78
73920,-42.97,406.78
73920,-43.65,NA
73940,-43.65,NA
73940,-43.25,378.2
73960,-43.25,378.2
73960,-42.18,361.12
73980,-42.18,361.12
73980,-43.53,457.13
74000,-43.53,457.13
74000,-43.35,402.54
74020,-43.35,402.54
74020,-42.03,322.42
74040,-42.03,322.42
74040,-41.35,NA
74060,-41.35,NA
74060,-41.08,238.96
74080,-41.08,238.96
74080,-41.7,253.28
74100,-41.7,253.28
74100,-40.75,189.37
74120,-40.75,189.37
74120,-40.36,225.41
74140,-40.36,225.41
74140,-40.68,209.63
74160,-40.68,209.63
74160,-40.1,102.72
74180,-40.1,102.72
74180,-39.44,93.63
74200,-39.44,93.63
74200,-40.23,82.74
74220,-40.23,82.74
74220,-40.18,71.66
74240,-40.18,71.66
74240,-39.23,63.45
74260,-39.23,63.45
74260,-38.72,33.65
74280,-38.72,33.65
74280,-38.03,33.32
74300,-38.03,33.32
74300,-37.38,31.98
74320,-37.38,31.98
74320,-39.08,43.55
74340,-39.08,43.55
74340,-39.37,48.89
74360,-39.37,48.89
74360,-39.42,37.91
74380,-39.42,37.91
74380,-39.44,42.24
74400,-39.44,42.24
74400,-39.4,48.97
74420,-39.4,48.97
74420,-39.22,40.36
74440,-39.22,40.36
74440,-38.85,38.29
74460,-38.85,38.29
74460,-38.81,37.92
74480,-38.81,37.92
74480,-38.68,40.05
74500,-38.68,40.05
74500,-39.22,40.86
74520,-39.22,40.86
74520,-38.8,38.48
74540,-38.8,38.48
74540,-39.12,40.36
74560,-39.12,40.36
74560,-38.14,42.35
74580,-38.14,42.35
74580,-39.28,40.57
74600,-39.28,40.57
74600,-39.1,45.51
74620,-39.1,45.51
74620,-38.96,45.81
74640,-38.96,45.81
74640,-39.65,37.39
74660,-39.65,37.39
74660,-39.15,36.84
74680,-39.15,36.84
74680,-38.42,NA
74700,-38.42,NA
74700,-38.54,29.26
74720,-38.54,29.26
74720,-38.6,23.4
74740,-38.6,23.4
74740,-38.14,26.35
74760,-38.14,26.35
74760,-38.28,25.35
74780,-38.28,25.35
74780,-38.5,23.55
74800,-38.5,23.55
74800,-38.66,25.29
74820,-38.66,25.29
74820,-38.47,21.89
74840,-38.47,21.89
74840,-38.88,21.98
74860,-38.88,21.98
74860,-38.63,22.9
74880,-38.63,22.9
74880,-38.72,28.21
74900,-38.72,28.21
74900,-37.69,21.72
74920,-37.69,21.72
74920,-37.66,20.64
74940,-37.66,20.64
74940,-37.89,22.03
74960,-37.89,22.03
74960,-38.61,22.62
74980,-38.61,22.62
74980,-37.73,24.6
75000,-37.73,24.6
75000,-39.04,32.32
75020,-39.04,32.32
75020,-38.53,29.97
75040,-38.53,29.97
75040,-37.35,18.94
75060,-37.35,18.94
75060,-38.11,28.76
75080,-38.11,28.76
75080,-38.16,42.39
75100,-38.16,42.39
75100,-37.74,32.73
75120,-37.74,32.73
75120,-37.74,30.12
75140,-37.74,30.12
75140,-38.56,31.99
75160,-38.56,31.99
75160,-38.69,29.84
75180,-38.69,29.84
75180,-37.65,27.44
75200,-37.65,27.44
75200,-38.01,30.93
75220,-38.01,30.93
75220,-38.6,25.59
75240,-38.6,25.59
75240,-37.67,28.34
75260,-37.67,28.34
75260,-37.9,31.36
75280,-37.9,31.36
75280,-38.42,NA
75300,-38.42,NA
75300,-38.35,33.36
75320,-38.35,33.36
75320,-37.5,28.63
75340,-37.5,28.63
75340,-37.58,27.46
75360,-37.58,27.46
75360,-37.77,35.96
75380,-37.77,35.96
75380,-38.37,31.25
75400,-38.37,31.25
75400,-38.03,NA
75420,-38.03,NA
75420,-37.75,26.99
75440,-37.75,26.99
75440,-38.55,27.81
75460,-38.55,27.81
75460,-37.57,28.77
75480,-37.57,28.77
75480,-37.6,27.27
75500,-37.6,27.27
75500,-37.51,29.46
75520,-37.51,29.46
75520,-37.59,31.38
75540,-37.59,31.38
75540,-36.43,22.9
75560,-36.43,22.9
75560,-37.34,21.84
75580,-37.34,21.84
75580,-36.84,22.37
75600,-36.84,22.37
75600,-37.45,26.53
75620,-37.45,26.53
75620,-37.56,29.9
75640,-37.56,29.9
75640,-37.6,27.84
75660,-37.6,27.84
75660,-37.45,24.7
75680,-37.45,24.7
75680,-37.95,25.55
75700,-37.95,25.55
75700,-37.91,24.96
75720,-37.91,24.96
75720,-37.33,22.99
75740,-37.33,22.99
75740,-37.41,25.32
75760,-37.41,25.32
75760,-37.1,24.07
75780,-37.1,24.07
75780,-37.56,20.65
75800,-37.56,20.65
75800,-37.56,23.6
75820,-37.56,23.6
75820,-38.16,22.46
75840,-38.16,22.46
75840,-36.87,24.7
75860,-36.87,24.7
75860,-37.4,27.94
75880,-37.4,27.94
75880,-37.09,27.91
75900,-37.09,27.91
75900,-37.56,32.23
75920,-37.56,32.23
75920,-37.93,32.33
75940,-37.93,32.33
75940,-37.65,30.08
75960,-37.65,30.08
75960,-37.04,30.13
75980,-37.04,30.13
75980,-36.89,23.14
76000,-36.89,23.14
76000,-37.29,27.54
76020,-37.29,27.54
76020,-37.44,27.3
76040,-37.44,27.3
76040,-37.97,20.92
76060,-37.97,20.92
76060,-36.7,27.11
76080,-36.7,27.11
76080,-36.83,27.32
76100,-36.83,27.32
76100,-36.57,25.18
76120,-36.57,25.18
76120,-36.85,27.23
76140,-36.85,27.23
76140,-37.13,25.66
76160,-37.13,25.66
76160,-36.87,24.4
76180,-36.87,24.4
76180,-36.58,28.52
76200,-36.58,28.52
76200,-36.85,37.02
76220,-36.85,37.02
76220,-37.11,31.92
76240,-37.11,31.92
76240,-37.21,40.29
76260,-37.21,40.29
76260,-37.62,48.7
76280,-37.62,48.7
76280,-36.62,31.92
76300,-36.62,31.92
76300,-36.1,30.64
76320,-36.1,30.64
76320,-35.86,31.71
76340,-35.86,31.71
76340,-36.08,32.14
76360,-36.08,32.14
76360,-36.11,19.61
76380,-36.11,19.61
76380,-36.63,24.06
76400,-36.63,24.06
76400,-37.21,23.75
76420,-37.21,23.75
76420,-37.31,33.64
76440,-37.31,33.64
76440,-39.38,69.64
76460,-39.38,69.64
76460,-40.77,100.4
76480,-40.77,100.4
76480,-41.18,214.74
76500,-41.18,214.74
76500,-42.28,153.29
76520,-42.28,153.29
76520,-41.32,177.77
76540,-41.32,177.77
76540,-41.49,208.9
76560,-41.49,208.9
76560,-41.52,172.94
76580,-41.52,172.94
76580,-42.01,159.23
76600,-42.01,159.23
76600,-42.01,175.84
76620,-42.01,175.84
76620,-41.04,176.56
76640,-41.04,176.56
76640,-41.54,184.8
76660,-41.54,184.8
76660,-42.32,139.73
76680,-42.32,139.73
76680,-41.76,163.21
76700,-41.76,163.21
76700,-41.29,204.49
76720,-41.29,204.49
76720,-41.98,199.48
76740,-41.98,199.48
76740,-41.39,157.45
76760,-41.39,157.45
76760,-40.89,152.19
76780,-40.89,152.19
76780,-42.56,162.26
76800,-42.56,162.26
76800,-41.54,160.55
76820,-41.54,160.55
76820,-42.35,167.3
76840,-42.35,167.3
76840,-41.69,157.27
76860,-41.69,157.27
76860,-42.47,168.82
76880,-42.47,168.82
76880,-40.88,148.22
76900,-40.88,148.22
76900,-40.46,159.57
76920,-40.46,159.57
76920,-42.14,196.23
76940,-42.14,196.23
76940,-43.46,216.18
76960,-43.46,216.18
76960,-44.12,226.76
76980,-44.12,226.76
76980,-43.35,219.53
77000,-43.35,219.53
77000,-42.05,220.04
77020,-42.05,220.04
77020,-42.19,188.95
77040,-42.19,188.95
77040,-42.03,176.43
77060,-42.03,176.43
77060,-42.33,206.99
77080,-42.33,206.99
77080,-42.5,182.8
77100,-42.5,182.8
77100,-42.74,159.3
77120,-42.74,159.3
77120,-42.74,183.24
77140,-42.74,183.24
77140,-40.83,165.91
77160,-40.83,165.91
77160,-41.79,161
77180,-41.79,161
77180,-42.62,172.95
77200,-42.62,172.95
77200,-42.89,175.66
77220,-42.89,175.66
77220,-43.09,182.93
77240,-43.09,182.93
77240,-42.44,158.65
77260,-42.44,158.65
77260,-43.09,256.54
77280,-43.09,256.54
77280,-42.41,177.84
77300,-42.41,177.84
77300,-41.48,178.51
77320,-41.48,178.51
77320,-42.17,194.2
77340,-42.17,194.2
77340,-41.16,190.02
77360,-41.16,190.02
77360,-41.16,185.01
77380,-41.16,185.01
77380,-42.34,247.21
77400,-42.34,247.21
77400,-43.4,NA
77420,-43.4,NA
77420,-41.83,204.47
77440,-41.83,204.47
77440,-41.53,214.97
77460,-41.53,214.97
77460,-42.02,190.28
77480,-42.02,190.28
77480,-42.62,175.53
77500,-42.62,175.53
77500,-42.95,218.42
77520,-42.95,218.42
77520,-42.01,178.07
77540,-42.01,178.07
77540,-40.58,140.84
77560,-40.58,140.84
77560,-41.76,132.35
77580,-41.76,132.35
77580,-42.16,136.06
77600,-42.16,136.06
77600,-40.81,167.66
77620,-40.81,167.66
77620,-41.38,115.19
77640,-41.38,115.19
77640,-41.67,109.55
77660,-41.67,109.55
77660,-41.87,86.85
77680,-41.87,86.85
77680,-41.23,120.48
77700,-41.23,120.48
77700,-39.95,64.89
77720,-39.95,64.89
77720,-39.41,73.26
77740,-39.41,73.26
77740,-39.63,63.68
77760,-39.63,63.68
77760,-40.45,49.57
77780,-40.45,49.57
77780,-40.37,56.4
77800,-40.37,56.4
77800,-40,36.65
77820,-40,36.65
77820,-39.4,37.01
77840,-39.4,37.01
77840,-38.88,34.49
77860,-38.88,34.49
77860,-38.86,33.63
77880,-38.86,33.63
77880,-39.08,30.22
77900,-39.08,30.22
77900,-38.6,30.04
77920,-38.6,30.04
77920,-38.29,30.27
77940,-38.29,30.27
77940,-38.86,24.85
77960,-38.86,24.85
77960,-38.17,20.87
77980,-38.17,20.87
77980,-38.35,22.38
78000,-38.35,22.38
78000,-38.76,24.06
78020,-38.76,24.06
78020,-37.49,29.73
78040,-37.49,29.73
78040,-37.96,30.93
78060,-37.96,30.93
78060,-38.65,36.58
78080,-38.65,36.58
78080,-39.48,33.45
78100,-39.48,33.45
78100,-40.01,36.32
78120,-40.01,36.32
78120,-40.07,37.36
78140,-40.07,37.36
78140,-39.49,40.94
78160,-39.49,40.94
78160,-40.19,62.05
78180,-40.19,62.05
78180,-40.07,53.75
78200,-40.07,53.75
78200,-39.79,47
78220,-39.79,47
78220,-39.81,49.11
78240,-39.81,49.11
78240,-39.73,53.35
78260,-39.73,53.35
78260,-39.67,45.55
78280,-39.67,45.55
78280,-39.94,47.65
78300,-39.94,47.65
78300,-39.94,41.59
78320,-39.94,41.59
78320,-39.55,44.95
78340,-39.55,44.95
78340,-40.13,52.16
78360,-40.13,52.16
78360,-40.34,47.57
78380,-40.34,47.57
78380,-39.6,47.17
78400,-39.6,47.17
78400,-38.63,31.93
78420,-38.63,31.93
78420,-38.87,31.77
78440,-38.87,31.77
78440,-38.82,31.21
78460,-38.82,31.21
78460,-38.46,30.7
78480,-38.46,30.7
78480,-39.56,38.66
78500,-39.56,38.66
78500,-39.24,36.3
78520,-39.24,36.3
78520,-39.18,29.59
78540,-39.18,29.59
78540,-39.43,37.42
78560,-39.43,37.42
78560,-39.08,37.14
78580,-39.08,37.14
78580,-39.29,38.97
78600,-39.29,38.97
78600,-39.19,27.17
78620,-39.19,27.17
78620,-38.49,27.79
78640,-38.49,27.79
78640,-39.2,29.8
78660,-39.2,29.8
78660,-38.91,32.9
78680,-38.91,32.9
78680,-39.09,NA
78700,-39.09,NA
78700,-39.28,26.73
78720,-39.28,26.73
78720,-38.78,26.82
78740,-38.78,26.82
78740,-37.13,25.19
78760,-37.13,25.19
78760,-38.42,20.14
78780,-38.42,20.14
78780,-38.54,20.54
78800,-38.54,20.54
78800,-37.95,22.39
78820,-37.95,22.39
78820,-37.86,19.88
78840,-37.86,19.88
78840,-37.97,19.83
78860,-37.97,19.83
78860,-38.21,17.89
78880,-38.21,17.89
78880,-37.65,19.84
78900,-37.65,19.84
78900,-37.58,18.09
78920,-37.58,18.09
78920,-38.59,21.1
78940,-38.59,21.1
78940,-38.25,21.03
78960,-38.25,21.03
78960,-37.99,19.51
78980,-37.99,19.51
78980,-38.22,19.53
79000,-38.22,19.53
79000,-38.16,19.8
79020,-38.16,19.8
79020,-37.96,23.63
79040,-37.96,23.63
79040,-38.72,22.81
79060,-38.72,22.81
79060,-39.26,24.33
79080,-39.26,24.33
79080,-38.75,21.65
79100,-38.75,21.65
79100,-37.84,20.64
79120,-37.84,20.64
79120,-39.16,28.87
79140,-39.16,28.87
79140,-37.74,28.79
79160,-37.74,28.79
79160,-38.32,20.21
79180,-38.32,20.21
79180,-37.32,21.15
79200,-37.32,21.15
79200,-37.64,19.54
79220,-37.64,19.54
79220,-37.65,29.13
79240,-37.65,29.13
79240,-39.37,34.28
79260,-39.37,34.28
79260,-39.68,37.09
79280,-39.68,37.09
79280,-39.61,42.04
79300,-39.61,42.04
79300,-39.9,43.94
79320,-39.9,43.94
79320,-39.77,39.85
79340,-39.77,39.85
79340,-39.77,41.83
79360,-39.77,41.83
79360,-39.54,50.06
79380,-39.54,50.06
79380,-39.53,42.64
79400,-39.53,42.64
79400,-39.09,39.19
79420,-39.09,39.19
79420,-39.04,31.88
79440,-39.04,31.88
79440,-39.1,25.62
79460,-39.1,25.62
79460,-39.19,29.5
79480,-39.19,29.5
79480,-39.16,28.43
79500,-39.16,28.43
79500,-38.95,31.17
79520,-38.95,31.17
79520,-39.08,25.35
79540,-39.08,25.35
79540,-38.71,24.5
79560,-38.71,24.5
79560,-39.29,36.89
79580,-39.29,36.89
79580,-39.19,28.49
79600,-39.19,28.49
79600,-39.43,34.41
79620,-39.43,34.41
79620,-39.11,28.06
79640,-39.11,28.06
79640,-38.97,26.34
79660,-38.97,26.34
79660,-39.22,30.44
79680,-39.22,30.44
79680,-39.23,26.22
79700,-39.23,26.22
79700,-38.43,22.6
79720,-38.43,22.6
79720,-39.07,29.38
79740,-39.07,29.38
79740,-38.96,26.78
79760,-38.96,26.78
79760,-38.74,28.51
79780,-38.74,28.51
79780,-38.74,29.26
79800,-38.74,29.26
79800,-38.79,31.28
79820,-38.79,31.28
79820,-38.43,39.39
79840,-38.43,39.39
79840,-38.91,40.73
79860,-38.91,40.73
79860,-38.4,47.02
79880,-38.4,47.02
79880,-38.33,35.13
79900,-38.33,35.13
79900,-37.79,30.57
79920,-37.79,30.57
79920,-38.64,34.68
79940,-38.64,34.68
79940,-38.1,29.67
79960,-38.1,29.67
79960,-37.87,35.4
79980,-37.87,35.4
79980,-39.15,37.13
80000,-39.15,37.13
80000,-39.01,23.87
80020,-39.01,23.87
80020,-38.91,22.97
80040,-38.91,22.97
80040,-38,29.21
80060,-38,29.21
80060,-38.67,36.45
80080,-38.67,36.45
80080,-38.74,31.53
80100,-38.74,31.53
80100,-38.7,32.23
80120,-38.7,32.23
80120,-38.64,29.27
80140,-38.64,29.27
80140,-38.35,29.73
80160,-38.35,29.73
80160,-37.95,35.11
80180,-37.95,35.11
80180,-38.65,30.8
80200,-38.65,30.8
80200,-38.89,36.38
80220,-38.89,36.38
80220,-38.83,29.35
80240,-38.83,29.35
80240,-38.37,32.06
80260,-38.37,32.06
80260,-38.91,28.56
80280,-38.91,28.56
80280,-38.93,26.3
80300,-38.93,26.3
80300,-38.14,20.85
80320,-38.14,20.85
80320,-38.41,23.39
80340,-38.41,23.39
80340,-37.83,22.61
80360,-37.83,22.61
80360,-37.9,20.09
80380,-37.9,20.09
80380,-39,29.42
80400,-39,29.42
80400,-38.91,24.27
80420,-38.91,24.27
80420,-38.59,27.05
80440,-38.59,27.05
80440,-38.77,24.07
80460,-38.77,24.07
80460,-38.34,23.86
80480,-38.34,23.86
80480,-38.23,23.13
80500,-38.23,23.13
80500,-38.03,19.29
80520,-38.03,19.29
80520,-38.66,21.29
80540,-38.66,21.29
80540,-37.62,20.56
80560,-37.62,20.56
80560,-37.57,21.97
80580,-37.57,21.97
80580,-37.82,24.3
80600,-37.82,24.3
80600,-37.34,22.03
80620,-37.34,22.03
80620,-37.97,21.97
80640,-37.97,21.97
80640,-37.92,28.81
80660,-37.92,28.81
80660,-37.89,21.99
80680,-37.89,21.99
80680,-37.67,22.2
80700,-37.67,22.2
80700,-37.94,29.6
80720,-37.94,29.6
80720,-37.9,18.54
80740,-37.9,18.54
80740,-37.12,22.68
80760,-37.12,22.68
80760,-38.56,24.69
80780,-38.56,24.69
80780,-38.07,19.29
80800,-38.07,19.29
80800,-37.8,21.09
80820,-37.8,21.09
80820,-38,24.47
80840,-38,24.47
80840,-37.88,18.18
80860,-37.88,18.18
80860,-37.57,NA
80880,-37.57,NA
80880,-37.73,16.48
80900,-37.73,16.48
80900,-37.64,16.79
80920,-37.64,16.79
80920,-37.6,19.62
80940,-37.6,19.62
80940,-38.1,28.33
80960,-38.1,28.33
80960,-37.95,23.34
80980,-37.95,23.34
80980,-37.86,20.25
81000,-37.86,20.25
81000,-37.79,18.69
81020,-37.79,18.69
81020,-37.94,52.13
81040,-37.94,52.13
81040,-37.73,19.94
81060,-37.73,19.94
81060,-36.98,17.44
81080,-36.98,17.44
81080,-37.51,18.19
81100,-37.51,18.19
81100,-38.2,26.45
81120,-38.2,26.45
81120,-38,25.01
81140,-38,25.01
81140,-38.01,29.54
81160,-38.01,29.54
81160,-38.01,23.78
81180,-38.01,23.78
81180,-37.4,37.24
81200,-37.4,37.24
81200,-37.32,28.95
81220,-37.32,28.95
81220,-37.87,26.58
81240,-37.87,26.58
81240,-37.31,24.23
81260,-37.31,24.23
81260,-37.89,31.84
81280,-37.89,31.84
81280,-37.2,27.82
81300,-37.2,27.82
81300,-36.55,27.71
81320,-36.55,27.71
81320,-37.12,30.47
81340,-37.12,30.47
81340,-38.02,25.97
81360,-38.02,25.97
81360,-36.95,28.82
81380,-36.95,28.82
81380,-37.42,36.85
81400,-37.42,36.85
81400,-38.35,33.38
81420,-38.35,33.38
81420,-37.8,28.32
81440,-37.8,28.32
81440,-37.59,33.87
81460,-37.59,33.87
81460,-36.8,28.74
81480,-36.8,28.74
81480,-37.01,30.33
81500,-37.01,30.33
81500,-37.48,27.9
81520,-37.48,27.9
81520,-37.4,26.55
81540,-37.4,26.55
81540,-37.3,33.61
81560,-37.3,33.61
81560,-36.72,36.52
81580,-36.72,36.52
81580,-37.21,36.2
81600,-37.21,36.2
81600,-37.43,NA
81620,-37.43,NA
81620,-37.28,NA
81640,-37.28,NA
81640,-37.44,NA
81660,-37.44,NA
81660,-36.85,20.99
81680,-36.85,20.99
81680,-36.85,27.21
81700,-36.85,27.21
81700,-37.14,20.17
81720,-37.14,20.17
81720,-36.17,19.49
81740,-36.17,19.49
81740,-37.08,22.06
81760,-37.08,22.06
81760,-37.85,29.43
81780,-37.85,29.43
81780,-37.15,NA
81800,-37.15,NA
81800,-36.91,25.55
81820,-36.91,25.55
81820,-37.14,23.69
81840,-37.14,23.69
81840,-36.82,23.56
81860,-36.82,23.56
81860,-37.03,19.65
81880,-37.03,19.65
81880,-37.36,16.92
81900,-37.36,16.92
81900,-37.01,17.85
81920,-37.01,17.85
81920,-37.4,15.42
81940,-37.4,15.42
81940,-37.88,22.46
81960,-37.88,22.46
81960,-37.45,26.56
81980,-37.45,26.56
81980,-36.75,21.86
82000,-36.75,21.86
82000,-37.91,24.84
82020,-37.91,24.84
82020,-36.97,NA
82040,-36.97,NA
82040,-36.63,23.95
82060,-36.63,23.95
82060,-36.88,25.11
82080,-36.88,25.11
82080,-37.14,26.05
82100,-37.14,26.05
82100,-37.25,NA
82120,-37.25,NA
82120,-37.3,33.35
82140,-37.3,33.35
82140,-37.2,26.43
82160,-37.2,26.43
82160,-37.57,21.86
82180,-37.57,21.86
82180,-37.28,23.45
82200,-37.28,23.45
82200,-36.64,22.42
82220,-36.64,22.42
82220,-37.01,36.29
82240,-37.01,36.29
82240,-37,17.93
82260,-37,17.93
82260,-37.7,19.9
82280,-37.7,19.9
82280,-37.34,24.14
82300,-37.34,24.14
82300,-37.43,19.89
82320,-37.43,19.89
82320,-37.86,22.79
82340,-37.86,22.79
82340,-37.73,24.14
82360,-37.73,24.14
82360,-37.64,24.97
82380,-37.64,24.97
82380,-37.26,24.35
82400,-37.26,24.35
82400,-37.92,21.62
82420,-37.92,21.62
82420,-37.94,23.14
82440,-37.94,23.14
82440,-37.17,22.85
82460,-37.17,22.85
82460,-37.15,30.54
82480,-37.15,30.54
82480,-37.19,25.3
82500,-37.19,25.3
82500,-36.87,24.8
82520,-36.87,24.8
82520,-36.87,27.48
82540,-36.87,27.48
82540,-36.81,31.79
82560,-36.81,31.79
82560,-37.29,22.8
82580,-37.29,22.8
82580,-37.11,20.58
82600,-37.11,20.58
82600,-37.42,20.23
82620,-37.42,20.23
82620,-36.42,20.27
82640,-36.42,20.27
82640,-36.97,20.11
82660,-36.97,20.11
82660,-37.39,19.92
82680,-37.39,19.92
82680,-36.56,13.11
82700,-36.56,13.11
82700,-36.9,14.97
82720,-36.9,14.97
82720,-37.05,18.48
82740,-37.05,18.48
82740,-37.04,20.44
82760,-37.04,20.44
82760,-36.49,23.62
82780,-36.49,23.62
82780,-37.23,21.16
82800,-37.23,21.16
82800,-36.97,24.2
82820,-36.97,24.2
82820,-37.23,20.31
82840,-37.23,20.31
82840,-37.04,21.75
82860,-37.04,21.75
82860,-37.25,22.99
82880,-37.25,22.99
82880,-37.3,22.6
82900,-37.3,22.6
82900,-37.25,22.2
82920,-37.25,22.2
82920,-37.06,20.51
82940,-37.06,20.51
82940,-37.39,31.57
82960,-37.39,31.57
82960,-37.52,30.23
82980,-37.52,30.23
82980,-37.26,28.16
83000,-37.26,28.16
83000,-37.45,28.97
83020,-37.45,28.97
83020,-36.23,24.06
83040,-36.23,24.06
83040,-36.07,20.61
83060,-36.07,20.61
83060,-36.45,20.77
83080,-36.45,20.77
83080,-36.15,23.5
83100,-36.15,23.5
83100,-36.29,20.46
83120,-36.29,20.46
83120,-36.02,14.02
83140,-36.02,14.02
83140,-36.52,20.44
83160,-36.52,20.44
83160,-36.73,24.42
83180,-36.73,24.42
83180,-36.46,24.09
83200,-36.46,24.09
83200,-36.76,16.14
83220,-36.76,16.14
83220,-37.14,17.72
83240,-37.14,17.72
83240,-37.1,18.58
83260,-37.1,18.58
83260,-37.21,19.63
83280,-37.21,19.63
83280,-37.31,17.94
83300,-37.31,17.94
83300,-36.54,22.64
83320,-36.54,22.64
83320,-37.03,20.91
83340,-37.03,20.91
83340,-36.74,20.09
83360,-36.74,20.09
83360,-37.21,20.09
83380,-37.21,20.09
83380,-37.28,24.4
83400,-37.28,24.4
83400,-36.94,19.62
83420,-36.94,19.62
83420,-36.88,26.18
83440,-36.88,26.18
83440,-37.18,23.02
83460,-37.18,23.02
83460,-36.82,25.29
83480,-36.82,25.29
83480,-36.6,21.91
83500,-36.6,21.91
83500,-36.84,20.24
83520,-36.84,20.24
83520,-36.34,18.7
83540,-36.34,18.7
83540,-36.51,14.84
83560,-36.51,14.84
83560,-36.15,17.27
83580,-36.15,17.27
83580,-36.11,19.03
83600,-36.11,19.03
83600,-36.18,16.28
83620,-36.18,16.28
83620,-36.2,19.28
83640,-36.2,19.28
83640,-36.45,18.57
83660,-36.45,18.57
83660,-36.47,14.48
83680,-36.47,14.48
83680,-36.28,11.41
83700,-36.28,11.41
83700,-36.38,14.36
83720,-36.38,14.36
83720,-35.4,13.89
83740,-35.4,13.89
83740,-36.16,13.92
83760,-36.16,13.92
83760,-36.24,12.45
83780,-36.24,12.45
83780,-36.34,15.6
83800,-36.34,15.6
83800,-36.87,12.57
83820,-36.87,12.57
83820,-36.64,16.61
83840,-36.64,16.61
83840,-36.83,19.56
83860,-36.83,19.56
83860,-36.48,15.63
83880,-36.48,15.63
83880,-36.99,18.75
83900,-36.99,18.75
83900,-36.35,17.37
83920,-36.35,17.37
83920,-36.89,22.58
83940,-36.89,22.58
83940,-36.3,19.71
83960,-36.3,19.71
83960,-35.44,17.34
83980,-35.44,17.34
83980,-36.59,17.1
84000,-36.59,17.1
84000,-35.87,15.65
84020,-35.87,15.65
84020,-35.96,19.98
84040,-35.96,19.98
84040,-36.12,21.88
84060,-36.12,21.88
84060,-36.89,18.17
84080,-36.89,18.17
84080,-36.53,17.01
84100,-36.53,17.01
84100,-36.33,17.36
84120,-36.33,17.36
84120,-36.35,18.35
84140,-36.35,18.35
84140,-36.43,21.34
84160,-36.43,21.34
84160,-36.43,20.05
84180,-36.43,20.05
84180,-37.29,25.39
84200,-37.29,25.39
84200,-36.39,16.33
84220,-36.39,16.33
84220,-36.81,17.68
84240,-36.81,17.68
84240,-37.14,17.28
84260,-37.14,17.28
84260,-36.57,25.45
84280,-36.57,25.45
84280,-36.72,29.11
84300,-36.72,29.11
84300,-36.63,33.28
84320,-36.63,33.28
84320,-36.25,32.74
84340,-36.25,32.74
84340,-36.81,39.09
84360,-36.81,39.09
84360,-36.93,32.26
84380,-36.93,32.26
84380,-36.19,28
84400,-36.19,28
84400,-36.46,23.34
84420,-36.46,23.34
84420,-36.04,19.63
84440,-36.04,19.63
84440,-35.65,20.06
84460,-35.65,20.06
84460,-35.72,17.71
84480,-35.72,17.71
84480,-36.01,50.31
84500,-36.01,50.31
84500,-36.31,24.53
84520,-36.31,24.53
84520,-35.96,22.89
84540,-35.96,22.89
84540,-35.82,22.01
84560,-35.82,22.01
84560,-36.08,22.21
84580,-36.08,22.21
84580,-36.33,19.64
84600,-36.33,19.64
84600,-35.65,18.95
84620,-35.65,18.95
84620,-35.4,19.55
84640,-35.4,19.55
84640,-35.87,22.67
84660,-35.87,22.67
84660,-35.24,25.08
84680,-35.24,25.08
84680,-35.49,24.4
84700,-35.49,24.4
84700,-36.43,27.8
84720,-36.43,27.8
84720,-35.25,18.63
84740,-35.25,18.63
84740,-35.48,21.45
84760,-35.48,21.45
84760,-37.47,36.1
84780,-37.47,36.1
84780,-39.19,71.63
84800,-39.19,71.63
84800,-39.05,64.36
84820,-39.05,64.36
84820,-39.38,71.35
84840,-39.38,71.35
84840,-39.19,75.56
84860,-39.19,75.56
84860,-38.8,85.23
84880,-38.8,85.23
84880,-38.81,87
84900,-38.81,87
84900,-38.88,94.49
84920,-38.88,94.49
84920,-39.01,102.17
84940,-39.01,102.17
84940,-38.54,94.57
84960,-38.54,94.57
84960,-37.16,73.63
84980,-37.16,73.63
84980,-37.04,53.65
85000,-37.04,53.65
85000,-35.54,34.39
85020,-35.54,34.39
85020,-35.94,32.42
85040,-35.94,32.42
85040,-37.22,49.27
85060,-37.22,49.27
85060,-38.21,111.8
85080,-38.21,111.8
85080,-39.43,72.34
85100,-39.43,72.34
85100,-38.15,161.83
85120,-38.15,161.83
85120,-38.84,126.82
85140,-38.84,126.82
85140,-38.95,125.41
85160,-38.95,125.41
85160,-38.47,115.37
85180,-38.47,115.37
85180,-39,122.05
85200,-39,122.05
85200,-38.5,110.46
85220,-38.5,110.46
85220,-39.02,109.07
85240,-39.02,109.07
85240,-39.47,174.61
85260,-39.47,174.61
85260,-39.38,169.52
85280,-39.38,169.52
85280,-39.45,130.31
85300,-39.45,130.31
85300,-39.19,144.73
85320,-39.19,144.73
85320,-39.56,131.86
85340,-39.56,131.86
85340,-38.62,97.27
85360,-38.62,97.27
85360,-38.03,132.42
85380,-38.03,132.42
85380,-38.52,98.92
85400,-38.52,98.92
85400,-38.03,138.55
85420,-38.03,138.55
85420,-38.14,136.25
85440,-38.14,136.25
85440,-38.35,166.23
85460,-38.35,166.23
85460,-38.79,132.87
85480,-38.79,132.87
85480,-39.48,120.57
85500,-39.48,120.57
85500,-39.56,118.61
85520,-39.56,118.61
85520,-39.93,156.12
85540,-39.93,156.12
85540,-39.1,126.33
85560,-39.1,126.33
85560,-38.34,120.11
85580,-38.34,120.11
85580,-37.78,119.6
85600,-37.78,119.6
85600,-39.06,NA
85620,-39.06,NA
85620,-39.23,153.68
85640,-39.23,153.68
85640,-38.62,124.95
85660,-38.62,124.95
85660,-39.35,161.11
85680,-39.35,161.11
85680,-38.57,182.9
85700,-38.57,182.9
85700,-38.79,142.2
85720,-38.79,142.2
85720,-39.08,164.17
85740,-39.08,164.17
85740,-39.41,207.25
85760,-39.41,207.25
85760,-38.83,149.35
85780,-38.83,149.35
85780,-39.11,147.15
85800,-39.11,147.15
85800,-38.32,234.42
85820,-38.32,234.42
85820,-39.28,188.05
85840,-39.28,188.05
85840,-39.19,127.7
85860,-39.19,127.7
85860,-38.86,123.66
85880,-38.86,123.66
85880,-39.05,155.06
85900,-39.05,155.06
85900,-39.49,181.2
85920,-39.49,181.2
85920,-39.58,188.08
85940,-39.58,188.08
85940,-39.25,177.78
85960,-39.25,177.78
85960,-39.66,176.8
85980,-39.66,176.8
85980,-39.71,184.7
86000,-39.71,184.7
86000,-39.73,NA
86020,-39.73,NA
86020,-39.16,142.74
86040,-39.16,142.74
86040,-39.63,132.01
86060,-39.63,132.01
86060,-39,120.69
86080,-39,120.69
86080,-39.95,143.24
86100,-39.95,143.24
86100,-39.68,160.15
86120,-39.68,160.15
86120,-38.78,140.89
86140,-38.78,140.89
86140,-39.5,163.9
86160,-39.5,163.9
86160,-39.44,157.18
86180,-39.44,157.18
86180,-38.94,151.7
86200,-38.94,151.7
86200,-39.62,179.56
86220,-39.62,179.56
86220,-39.74,333.49
86240,-39.74,333.49
86240,-39.68,156.74
86260,-39.68,156.74
86260,-40.52,176.23
86280,-40.52,176.23
86280,-39.72,163.24
86300,-39.72,163.24
86300,-39.65,NA
86320,-39.65,NA
86320,-39.51,170.46
86340,-39.51,170.46
86340,-40,269.9
86360,-40,269.9
86360,-40.26,214.56
86380,-40.26,214.56
86380,-40.17,194.67
86400,-40.17,194.67
86400,-38.91,229.34
86420,-38.91,229.34
86420,-38.97,182.45
86440,-38.97,182.45
86440,-40.18,376.02
86460,-40.18,376.02
86460,-39.79,199.36
86480,-39.79,199.36
86480,-38.84,159.52
86500,-38.84,159.52
86500,-38.28,174.68
86520,-38.28,174.68
86520,-40.22,162.91
86540,-40.22,162.91
86540,-40.07,171.06
86560,-40.07,171.06
86560,-39.38,167.16
86580,-39.38,167.16
86580,-40.62,227.58
86600,-40.62,227.58
86600,-40.92,201.86
86620,-40.92,201.86
86620,-40.24,178.74
86640,-40.24,178.74
86640,-39.32,140.93
86660,-39.32,140.93
86660,-39.51,166.99
86680,-39.51,166.99
86680,-40.81,205.79
86700,-40.81,205.79
86700,-40.46,202.86
86720,-40.46,202.86
86720,-40.27,239.61
86740,-40.27,239.61
86740,-40.24,240.98
86760,-40.24,240.98
86760,-39.11,203.86
86780,-39.11,203.86
86780,-39.14,211.22
86800,-39.14,211.22
86800,-39.88,204.04
86820,-39.88,204.04
86820,-39.08,284.74
86840,-39.08,284.74
86840,-41.23,245.67
86860,-41.23,245.67
86860,-41.39,220.14
86880,-41.39,220.14
86880,-41.01,228.1
86900,-41.01,228.1
86900,-40.22,230.62
86920,-40.22,230.62
86920,-41.21,186.33
86940,-41.21,186.33
86940,-40.96,246.26
86960,-40.96,246.26
86960,-40.37,188.76
86980,-40.37,188.76
86980,-40.24,185.66
87000,-40.24,185.66
87000,-40.82,210.14
87020,-40.82,210.14
87020,-39.92,183.36
87040,-39.92,183.36
87040,-39.61,195.13
87060,-39.61,195.13
87060,-39.96,174.98
87080,-39.96,174.98
87080,-39.85,181.43
87100,-39.85,181.43
87100,-39.1,183.54
87120,-39.1,183.54
87120,-39.37,171.04
87140,-39.37,171.04
87140,-40.79,249.99
87160,-40.79,249.99
87160,-40.57,179.57
87180,-40.57,179.57
87180,-40.45,193.84
87200,-40.45,193.84
87200,-41.54,214.09
87220,-41.54,214.09
87220,-41.27,251.86
87240,-41.27,251.86
87240,-40.23,207.62
87260,-40.23,207.62
87260,-39.97,201.81
87280,-39.97,201.81
87280,-40.96,218.06
87300,-40.96,218.06
87300,-39.87,193.73
87320,-39.87,193.73
87320,-40.02,225.74
87340,-40.02,225.74
87340,-41.64,215
87360,-41.64,215
87360,-41.45,299.37
87380,-41.45,299.37
87380,-41.53,253.78
87400,-41.53,253.78
87400,-40.81,240.18
87420,-40.81,240.18
87420,-40.13,246.49
87440,-40.13,246.49
87440,-40.21,218.18
87460,-40.21,218.18
87460,-41.19,263.68
87480,-41.19,263.68
87480,-40.9,240.89
87500,-40.9,240.89
87500,-40.68,230.12
87520,-40.68,230.12
87520,-40.4,218.43
87540,-40.4,218.43
87540,-40.82,304.71
87560,-40.82,304.71
87560,-40.48,248.99
87580,-40.48,248.99
87580,-41.19,221.22
87600,-41.19,221.22
87600,-40.19,135.05
87620,-40.19,135.05
87620,-40.63,137.82
87640,-40.63,137.82
87640,-39.74,112.46
87660,-39.74,112.46
87660,-39.91,NA
87680,-39.91,NA
87680,-39.36,55.48
87700,-39.36,55.48
87700,-39.06,55.15
87720,-39.06,55.15
87720,-37.94,54.89
87740,-37.94,54.89
87740,-38.66,53.71
87760,-38.66,53.71
87760,-38.23,51.23
87780,-38.23,51.23
87780,-38.41,48.44
87800,-38.41,48.44
87800,-38.35,45.73
87820,-38.35,45.73
87820,-38.74,58.45
87840,-38.74,58.45
87840,-39.11,54.49
87860,-39.11,54.49
87860,-38.95,66.45
87880,-38.95,66.45
87880,-39.37,71.61
87900,-39.37,71.61
87900,-40.24,69.56
87920,-40.24,69.56
87920,-39.26,62.78
87940,-39.26,62.78
87940,-39.99,84.1
87960,-39.99,84.1
87960,-40.14,71.52
87980,-40.14,71.52
87980,-39.09,57
88000,-39.09,57
88000,-38.52,47.43
88020,-38.52,47.43
88020,-38.72,44.89
88040,-38.72,44.89
88040,-38.1,47.37
88060,-38.1,47.37
88060,-38.23,39.96
88080,-38.23,39.96
88080,-38.13,40.68
88100,-38.13,40.68
88100,-38.48,33.32
88120,-38.48,33.32
88120,-39.05,34.41
88140,-39.05,34.41
88140,-37.86,44.26
88160,-37.86,44.26
88160,-38.67,33.17
88180,-38.67,33.17
88180,-38.7,42.76
88200,-38.7,42.76
88200,-39.14,44.28
88220,-39.14,44.28
88220,-38.63,38.94
88240,-38.63,38.94
88240,-38.58,NA
88260,-38.58,NA
88260,-38.4,42.74
88280,-38.4,42.74
88280,-38.45,44.46
88300,-38.45,44.46
88300,-38.41,40.72
88320,-38.41,40.72
88320,-38.31,44.7
88340,-38.31,44.7
88340,-38.44,36.05
88360,-38.44,36.05
88360,-38.46,41.93
88380,-38.46,41.93
88380,-37.86,41.02
88400,-37.86,41.02
88400,-38.19,35.17
88420,-38.19,35.17
88420,-38.04,34.71
88440,-38.04,34.71
88440,-38.3,34.05
88460,-38.3,34.05
88460,-38.43,37.59
88480,-38.43,37.59
88480,-38.75,NA
88500,-38.75,NA
88500,-37.84,38.98
88520,-37.84,38.98
88520,-37.52,41.17
88540,-37.52,41.17
88540,-37.35,36.86
88560,-37.35,36.86
88560,-38.34,38.56
88580,-38.34,38.56
88580,-38.53,34.36
88600,-38.53,34.36
88600,-37.96,34.52
88620,-37.96,34.52
88620,-37.94,29.13
88640,-37.94,29.13
88640,-37.82,31.4
88660,-37.82,31.4
88660,-37.96,38.98
88680,-37.96,38.98
88680,-38.18,36.55
88700,-38.18,36.55
88700,-38.25,32.36
88720,-38.25,32.36
88720,-38.8,37.61
88740,-38.8,37.61
88740,-38.21,32.74
88760,-38.21,32.74
88760,-37.83,33.51
88780,-37.83,33.51
88780,-38.2,NA
88800,-38.2,NA
88800,-39.24,26.01
88820,-39.24,26.01
88820,-38.51,24.91
88840,-38.51,24.91
88840,-38.95,28.23
88860,-38.95,28.23
88860,-39.21,29.4
88880,-39.21,29.4
88880,-39.06,27.24
88900,-39.06,27.24
88900,-38.31,21.16
88920,-38.31,21.16
88920,-38.87,22.58
88940,-38.87,22.58
88940,-38.76,20.4
88960,-38.76,20.4
88960,-38,17.39
88980,-38,17.39
88980,-37.55,16.98
89000,-37.55,16.98
89000,-38.93,26.87
89020,-38.93,26.87
89020,-38.16,19.7
89040,-38.16,19.7
89040,-37.99,18.99
89060,-37.99,18.99
89060,-37.69,13.21
89080,-37.69,13.21
89080,-37.36,13.64
89100,-37.36,13.64
89100,-37.58,15.74
89120,-37.58,15.74
89120,-37.75,14.81
89140,-37.75,14.81
89140,-37.98,15.19
89160,-37.98,15.19
89160,-38.1,17.26
89180,-38.1,17.26
89180,-37.76,11.78
89200,-37.76,11.78
89200,-38.11,14.36
89220,-38.11,14.36
89220,-37.81,18.47
89240,-37.81,18.47
89240,-37.96,18.29
89260,-37.96,18.29
89260,-38.04,NA
89280,-38.04,NA
89280,-38.64,16.04
89300,-38.64,16.04
89300,-38,15.66
89320,-38,15.66
89320,-37.43,13.84
89340,-37.43,13.84
89340,-37.59,14.15
89360,-37.59,14.15
89360,-37.9,13.93
89380,-37.9,13.93
89380,-38.11,16.4
89400,-38.11,16.4
89400,-37.6,12.97
89420,-37.6,12.97
89420,-37.91,13.63
89440,-37.91,13.63
89440,-37.99,13.46
89460,-37.99,13.46
89460,-37.72,11.27
89480,-37.72,11.27
89480,-37.26,11.44
89500,-37.26,11.44
89500,-37.72,14.24
89520,-37.72,14.24
89520,-37.67,14.02
89540,-37.67,14.02
89540,-37.74,17.88
89560,-37.74,17.88
89560,-37.38,16.66
89580,-37.38,16.66
89580,-37.31,15.74
89600,-37.31,15.74
89600,-37.54,12.06
89620,-37.54,12.06
89620,-37.8,13.19
89640,-37.8,13.19
89640,-38.22,12.23
89660,-38.22,12.23
89660,-37.81,11.97
89680,-37.81,11.97
89680,-38.06,13.04
89700,-38.06,13.04
89700,-38,12.62
89720,-38,12.62
89720,-37.84,14.62
89740,-37.84,14.62
89740,-37.15,16.71
89760,-37.15,16.71
89760,-37.42,15.22
89780,-37.42,15.22
89780,-37.79,15.14
89800,-37.79,15.14
89800,-37.95,18.63
89820,-37.95,18.63
89820,-38.62,17.85
89840,-38.62,17.85
89840,-38.89,20.42
89860,-38.89,20.42
89860,-38.33,19.73
89880,-38.33,19.73
89880,-38.49,15.05
89900,-38.49,15.05
89900,-37.71,12.77
89920,-37.71,12.77
89920,-37.85,12.79
89940,-37.85,12.79
89940,-37.62,13.2
89960,-37.62,13.2
89960,-37.92,16.41
89980,-37.92,16.41
89980,-37.74,21.33
90000,-37.74,21.33
90000,-38.51,34.81
90020,-38.51,34.81
90020,-38.41,26.19
90040,-38.41,26.19
90040,-39.06,42.42
90060,-39.06,42.42
90060,-39.53,48.5
90080,-39.53,48.5
90080,-40.05,73.94
90100,-40.05,73.94
90100,-39.82,63.25
90120,-39.82,63.25
90120,-39.13,47.66
90140,-39.13,47.66
90140,-38.39,44.36
90160,-38.39,44.36
90160,-38.84,42.49
90180,-38.84,42.49
90180,-39.08,36.74
90200,-39.08,36.74
90200,-38.22,36.42
90220,-38.22,36.42
90220,-38.83,34.7
90240,-38.83,34.7
90240,-39.97,37.11
90260,-39.97,37.11
90260,-39.95,38.29
90280,-39.95,38.29
90280,-39.43,37.96
90300,-39.43,37.96
90300,-38.62,36.05
90320,-38.62,36.05
90320,-38.61,37.02
90340,-38.61,37.02
90340,-38.96,38.84
90360,-38.96,38.84
90360,-38.65,38.09
90380,-38.65,38.09
90380,-39.11,42.86
90400,-39.11,42.86
90400,-39.36,40.15
90420,-39.36,40.15
90420,-38.66,39.76
90440,-38.66,39.76
90440,-39.09,43.49
90460,-39.09,43.49
90460,-38.64,44.29
90480,-38.64,44.29
90480,-39.4,44.48
90500,-39.4,44.48
90500,-39.18,49.67
90520,-39.18,49.67
90520,-39.18,48.27
90540,-39.18,48.27
90540,-39.48,46.41
90560,-39.48,46.41
90560,-39.19,39.82
90580,-39.19,39.82
90580,-38.52,42.99
90600,-38.52,42.99
90600,-39.06,39.9
90620,-39.06,39.9
90620,-39.38,41.8
90640,-39.38,41.8
90640,-39.47,39.38
90660,-39.47,39.38
90660,-39.09,33.59
90680,-39.09,33.59
90680,-39.71,37.94
90700,-39.71,37.94
90700,-39.81,43.08
90720,-39.81,43.08
90720,-39.33,45.21
90740,-39.33,45.21
90740,-39.75,48.25
90760,-39.75,48.25
90760,-39.87,60.64
90780,-39.87,60.64
90780,-39.55,45.47
90800,-39.55,45.47
90800,-39.2,42.21
90820,-39.2,42.21
90820,-38.76,36.79
90840,-38.76,36.79
90840,-39.78,41.9
90860,-39.78,41.9
90860,-39.76,45.85
90880,-39.76,45.85
90880,-38.97,37.26
90900,-38.97,37.26
90900,-39.16,32.61
90920,-39.16,32.61
90920,-39.66,35.71
90940,-39.66,35.71
90940,-39.6,33.98
90960,-39.6,33.98
90960,-38.7,41.69
90980,-38.7,41.69
90980,-38.9,32.44
91000,-38.9,32.44
91000,-39.41,38.44
91020,-39.41,38.44
91020,-38.71,37.45
91040,-38.71,37.45
91040,-39.16,44.78
91060,-39.16,44.78
91060,-39.09,37.16
91080,-39.09,37.16
91080,-39.02,59.57
91100,-39.02,59.57
91100,-39.62,48.7
91120,-39.62,48.7
91120,-39.55,78.56999999999998
91140,-39.55,78.56999999999998
91140,-39.57,43.8
91160,-39.57,43.8
91160,-39.26,52.25
91180,-39.26,52.25
91180,-39.69,43.73
91200,-39.69,43.73
91200,-40.06,38.02
91220,-40.06,38.02
91220,-39.28,43.52
91240,-39.28,43.52
91240,-39.18,48.88
91260,-39.18,48.88
91260,-38.79,40.4
91280,-38.79,40.4
91280,-40.17,44.08
91300,-40.17,44.08
91300,-39.36,38.37
91320,-39.36,38.37
91320,-39.17,36.87
91340,-39.17,36.87
91340,-38.92,42.19
91360,-38.92,42.19
91360,-39.6,42.89
91380,-39.6,42.89
91380,-39.1,42.7
91400,-39.1,42.7
91400,-39.29,50.74
91420,-39.29,50.74
91420,-39.75,42.87
91440,-39.75,42.87
91440,-39.51,44.42
91460,-39.51,44.42
91460,-40.11,52.94
91480,-40.11,52.94
91480,-39.47,51.02
91500,-39.47,51.02
91500,-40.12,52.78
91520,-40.12,52.78
91520,-40.02,59.7
91540,-40.02,59.7
91540,-39.85,55.86
91560,-39.85,55.86
91560,-39.75,45.46
91580,-39.75,45.46
91580,-39.28,64.52
91600,-39.28,64.52
91600,-40.47,45.89
91620,-40.47,45.89
91620,-40.38,53
91640,-40.38,53
91640,-38.83,45.47
91660,-38.83,45.47
91660,-39.15,44.06
91680,-39.15,44.06
91680,-39.79,NA
91700,-39.79,NA
91700,-40.02,38.23
91720,-40.02,38.23
91720,-39.83,40.42
91740,-39.83,40.42
91740,-38.76,29.8
91760,-38.76,29.8
91760,-39.65,32.43
91780,-39.65,32.43
91780,-39.94,31.36
91800,-39.94,31.36
91800,-39.68,35.93
91820,-39.68,35.93
91820,-39.71,40.8
91840,-39.71,40.8
91840,-39.19,34.61
91860,-39.19,34.61
91860,-39.85,35.37
91880,-39.85,35.37
91880,-39.88,33.61
91900,-39.88,33.61
91900,-39.43,32.69
91920,-39.43,32.69
91920,-39.2,25.52
91940,-39.2,25.52
91940,-39.35,37.24
91960,-39.35,37.24
91960,-39.04,36.66
91980,-39.04,36.66
91980,-39.65,35.4
92000,-39.65,35.4
92000,-39.63,30.5
92020,-39.63,30.5
92020,-38.83,41.34
92040,-38.83,41.34
92040,-39.18,45.1
92060,-39.18,45.1
92060,-39.03,34.98
92080,-39.03,34.98
92080,-39.55,40.79
92100,-39.55,40.79
92100,-39.77,41.53
92120,-39.77,41.53
92120,-39.82,49.99
92140,-39.82,49.99
92140,-38.67,38.27
92160,-38.67,38.27
92160,-39.03,53.42
92180,-39.03,53.42
92180,-40.82,37.49
92200,-40.82,37.49
92200,-40.91,37.16
92220,-40.91,37.16
92220,-39.86,30.27
92240,-39.86,30.27
92240,-38.66,NA
92260,-38.66,NA
92260,-39.43,NA
92280,-39.43,NA
92280,-39.7,34.41
92300,-39.7,34.41
92300,-39.35,33.26
92320,-39.35,33.26
92320,-39.16,30.74
92340,-39.16,30.74
92340,-39.45,33.97
92360,-39.45,33.97
92360,-39.42,31.07
92380,-39.42,31.07
92380,-39.3,34.24
92400,-39.3,34.24
92400,-39.28,35.12
92420,-39.28,35.12
92420,-39.23,32.49
92440,-39.23,32.49
92440,-40.27,25.11
92460,-40.27,25.11
92460,-39.01,26.82
92480,-39.01,26.82
92480,-38.13,30.92
92500,-38.13,30.92
92500,-39.01,27.59
92520,-39.01,27.59
92520,-40.33,27.32
92540,-40.33,27.32
92540,-39.26,25.68
92560,-39.26,25.68
92560,-39.55,35.23
92580,-39.55,35.23
92580,-39.56,22.59
92600,-39.56,22.59
92600,-39.8,36.6
92620,-39.8,36.6
92620,-39.51,24.98
92640,-39.51,24.98
92640,-39.6,29.38
92660,-39.6,29.38
92660,-39.06,NA
92680,-39.06,NA
92680,-39.02,24.48
92700,-39.02,24.48
92700,-39.6,30.22
92720,-39.6,30.22
92720,-39.66,27.11
92740,-39.66,27.11
92740,-39.39,31.98
92760,-39.39,31.98
92760,-39.37,30.44
92780,-39.37,30.44
92780,-39.93,37.44
92800,-39.93,37.44
92800,-40.34,33.58
92820,-40.34,33.58
92820,-40.05,33.95
92840,-40.05,33.95
92840,-39.7,35.63
92860,-39.7,35.63
92860,-39.8,NA
92880,-39.8,NA
92880,-39.94,40.14
92900,-39.94,40.14
92900,-40.11,42.91
92920,-40.11,42.91
92920,-39.56,38.52
92940,-39.56,38.52
92940,-38.96,32.8
92960,-38.96,32.8
92960,-39.5,28.98
92980,-39.5,28.98
92980,-39.63,33.21
93000,-39.63,33.21
93000,-39.85,33.63
93020,-39.85,33.63
93020,-39.44,27.84
93040,-39.44,27.84
93040,-39.37,33.56
93060,-39.37,33.56
93060,-39.58,31.93
93080,-39.58,31.93
93080,-39.36,31.81
93100,-39.36,31.81
93100,-39.51,32.47
93120,-39.51,32.47
93120,-39.2,28.22
93140,-39.2,28.22
93140,-39.43,33.86
93160,-39.43,33.86
93160,-39.91,34.49
93180,-39.91,34.49
93180,-39.86,33.96
93200,-39.86,33.96
93200,-40.05,35.9
93220,-40.05,35.9
93220,-38.79,31.3
93240,-38.79,31.3
93240,-39.57,39.22
93260,-39.57,39.22
93260,-39.18,28.79
93280,-39.18,28.79
93280,-39.32,30.43
93300,-39.32,30.43
93300,-39.18,26.8
93320,-39.18,26.8
93320,-39.53,29.38
93340,-39.53,29.38
93340,-39.52,22.52
93360,-39.52,22.52
93360,-39.72,24.26
93380,-39.72,24.26
93380,-40,NA
93400,-40,NA
93400,-39.7,26.85
93420,-39.7,26.85
93420,-39.86,29.73
93440,-39.86,29.73
93440,-39.53,29.7
93460,-39.53,29.7
93460,-39.47,33.1
93480,-39.47,33.1
93480,-39.85,31.18
93500,-39.85,31.18
93500,-40.13,34.92
93520,-40.13,34.92
93520,-40.04,32.93
93540,-40.04,32.93
93540,-38.88,27.2
93560,-38.88,27.2
93560,-39.32,34.42
93580,-39.32,34.42
93580,-39.28,26.05
93600,-39.28,26.05
93600,-38.89,30.55
93620,-38.89,30.55
93620,-39.16,27.33
93640,-39.16,27.33
93640,-38.74,32
93660,-38.74,32
93660,-38.7,28.23
93680,-38.7,28.23
93680,-38.89,32.55
93700,-38.89,32.55
93700,-38.98,37.34
93720,-38.98,37.34
93720,-39.75,31.19
93740,-39.75,31.19
93740,-39.82,50.98
93760,-39.82,50.98
93760,-40.28,59.72
93780,-40.28,59.72
93780,-39.63,34.43
93800,-39.63,34.43
93800,-40.48,36.78
93820,-40.48,36.78
93820,-38.79,29.71
93840,-38.79,29.71
93840,-39.4,27.75
93860,-39.4,27.75
93860,-39.65,27.84
93880,-39.65,27.84
93880,-39.33,31.65
93900,-39.33,31.65
93900,-38.93,31.27
93920,-38.93,31.27
93920,-39.19,37.98
93940,-39.19,37.98
93940,-39.15,27.44
93960,-39.15,27.44
93960,-38.98,24.84
93980,-38.98,24.84
93980,-39.28,25.33
94000,-39.28,25.33
94000,-39.03,27.22
94020,-39.03,27.22
94020,-39.55,38.9
94040,-39.55,38.9
94040,-39.53,31.85
94060,-39.53,31.85
94060,-39.3,25.66
94080,-39.3,25.66
94080,-39.31,28.07
94100,-39.31,28.07
94100,-38.68,24.48
94120,-38.68,24.48
94120,-39.77,29.16
94140,-39.77,29.16
94140,-39.37,29.32
94160,-39.37,29.32
94160,-39.3,26.49
94180,-39.3,26.49
94180,-39.23,25.67
94200,-39.23,25.67
94200,-38.83,34.12
94220,-38.83,34.12
94220,-39.06,28.78
94240,-39.06,28.78
94240,-39.51,32.63
94260,-39.51,32.63
94260,-39.25,33.95
94280,-39.25,33.95
94280,-38.88,38.65
94300,-38.88,38.65
94300,-39.11,43.78
94320,-39.11,43.78
94320,-39.42,32.6
94340,-39.42,32.6
94340,-40.3,29.93
94360,-40.3,29.93
94360,-39.36,49.34
94380,-39.36,49.34
94380,-39.23,38.31
94400,-39.23,38.31
94400,-39.37,32.32
94420,-39.37,32.32
94420,-39.6,29.67
94440,-39.6,29.67
94440,-39.17,28.52
94460,-39.17,28.52
94460,-38.94,29.13
94480,-38.94,29.13
94480,-39.42,29.5
94500,-39.42,29.5
94500,-39.19,26.53
94520,-39.19,26.53
94520,-38.94,24.08
94540,-38.94,24.08
94540,-39.77,37.95
94560,-39.77,37.95
94560,-39.49,36.39
94580,-39.49,36.39
94580,-39.68,51.96
94600,-39.68,51.96
94600,-40.14,49
94620,-40.14,49
94620,-39.91,46.92
94640,-39.91,46.92
94640,-39.12,31.49
94660,-39.12,31.49
94660,-39.23,30.24
94680,-39.23,30.24
94680,-39.02,30.37
94700,-39.02,30.37
94700,-38.93,32.36
94720,-38.93,32.36
94720,-39.25,34.95
94740,-39.25,34.95
94740,-39.12,44.97
94760,-39.12,44.97
94760,-39.56,34.58
94780,-39.56,34.58
94780,-39.24,33.68
94800,-39.24,33.68
94800,-38.53,33.81
94820,-38.53,33.81
94820,-38.71,38.2
94840,-38.71,38.2
94840,-39.47,39.44
94860,-39.47,39.44
94860,-38.84,36.1
94880,-38.84,36.1
94880,-39.33,36.51
94900,-39.33,36.51
94900,-39.01,46.29
94920,-39.01,46.29
94920,-38.87,34.29
94940,-38.87,34.29
94940,-38.94,32.5
94960,-38.94,32.5
94960,-39.65,34.08
94980,-39.65,34.08
94980,-40.45,67.64
95000,-40.45,67.64
95000,-39.96,39.8
95020,-39.96,39.8
95020,-39.91,31.14
95040,-39.91,31.14
95040,-40.1,33.16
95060,-40.1,33.16
95060,-39.21,34.02
95080,-39.21,34.02
95080,-38.81,34.44
95100,-38.81,34.44
95100,-38.05,32.7
95120,-38.05,32.7
95120,-38.02,34.12
95140,-38.02,34.12
95140,-39.12,34.65
95160,-39.12,34.65
95160,-38.99,30.95
95180,-38.99,30.95
95180,-39.56,30.46
95200,-39.56,30.46
95200,-40.05,36.02
95220,-40.05,36.02
95220,-39.74,34.72
95240,-39.74,34.72
95240,-39.95,35.14
95260,-39.95,35.14
95260,-39.18,27.27
95280,-39.18,27.27
95280,-38.98,30.64
95300,-38.98,30.64
95300,-38.55,28.36
95320,-38.55,28.36
95320,-38.39,26.53
95340,-38.39,26.53
95340,-38.29,27.75
95360,-38.29,27.75
95360,-38.59,31.81
95380,-38.59,31.81
95380,-38.84,28.18
95400,-38.84,28.18
95400,-39.46,26.14
95420,-39.46,26.14
95420,-38.66,26.37
95440,-38.66,26.37
95440,-38.75,29.22
95460,-38.75,29.22
95460,-38.52,35.26
95480,-38.52,35.26
95480,-38.88,24.23
95500,-38.88,24.23
95500,-38.88,28.88
95520,-38.88,28.88
95520,-38.69,32.39
95540,-38.69,32.39
95540,-38.84,30.14
95560,-38.84,30.14
95560,-39.12,31.51
95580,-39.12,31.51
95580,-38.97,25.52
95600,-38.97,25.52
95600,-39.2,NA
95620,-39.2,NA
95620,-39.3,24.96
95640,-39.3,24.96
95640,-39.35,29.99
95660,-39.35,29.99
95660,-38.75,29.08
95680,-38.75,29.08
95680,-38.28,30.72
95700,-38.28,30.72
95700,-38.58,30.94
95720,-38.58,30.94
95720,-38.7,30.43
95740,-38.7,30.43
95740,-38.44,29.98
95760,-38.44,29.98
95760,-38.56,29.97
95780,-38.56,29.97
95780,-39.47,38.71
95800,-39.47,38.71
95800,-38.87,34.21
95820,-38.87,34.21
95820,-39.19,36.51
95840,-39.19,36.51
95840,-38.72,29.53
95860,-38.72,29.53
95860,-38.84,33.38
95880,-38.84,33.38
95880,-38.58,30.23
95900,-38.58,30.23
95900,-39.01,28.66
95920,-39.01,28.66
95920,-39.28,29
95940,-39.28,29
95940,-39.54,31.01
95960,-39.54,31.01
95960,-39.07,33.58
95980,-39.07,33.58
95980,-38.54,29.3
96000,-38.54,29.3
96000,-39.41,26.03
96020,-39.41,26.03
96020,-39.53,27.16
96040,-39.53,27.16
96040,-39.13,35.96
96060,-39.13,35.96
96060,-39.18,38.38
96080,-39.18,38.38
96080,-38.7,24.68
96100,-38.7,24.68
96100,-38.78,27.92
96120,-38.78,27.92
96120,-38.84,32.42
96140,-38.84,32.42
96140,-38.68,30.53
96160,-38.68,30.53
96160,-38.39,31.47
96180,-38.39,31.47
96180,-38.96,39.28
96200,-38.96,39.28
96200,-39.2,43.41
96220,-39.2,43.41
96220,-39.78,39.11
96240,-39.78,39.11
96240,-38.94,34.64
96260,-38.94,34.64
96260,-38.46,27.93
96280,-38.46,27.93
96280,-38.86,31.68
96300,-38.86,31.68
96300,-38.62,30.82
96320,-38.62,30.82
96320,-38.91,28.03
96340,-38.91,28.03
96340,-38.4,29.74
96360,-38.4,29.74
96360,-38.41,22.66
96380,-38.41,22.66
96380,-38.66,21.54
96400,-38.66,21.54
96400,-38.41,25.35
96420,-38.41,25.35
96420,-38.1,23.27
96440,-38.1,23.27
96440,-38.47,21.55
96460,-38.47,21.55
96460,-38.78,25.56
96480,-38.78,25.56
96480,-39.09,28.61
96500,-39.09,28.61
96500,-38.29,31.29
96520,-38.29,31.29
96520,-38.7,25.87
96540,-38.7,25.87
96540,-38.97,30.33
96560,-38.97,30.33
96560,-39.21,34.34
96580,-39.21,34.34
96580,-38.83,32.21
96600,-38.83,32.21
96600,-39.87,36.84
96620,-39.87,36.84
96620,-39.93,35.09
96640,-39.93,35.09
96640,-39.79,32.02
96660,-39.79,32.02
96660,-38.89,31.47
96680,-38.89,31.47
96680,-39.3,31.09
96700,-39.3,31.09
96700,-39.38,30.52
96720,-39.38,30.52
96720,-38.94,25.84
96740,-38.94,25.84
96740,-38.32,NA
96760,-38.32,NA
96760,-37.59,24.23
96780,-37.59,24.23
96780,-37.43,22.07
96800,-37.43,22.07
96800,-38.7,28.01
96820,-38.7,28.01
96820,-39.42,28.71
96840,-39.42,28.71
96840,-38.55,31.4
96860,-38.55,31.4
96860,-38.56,29.82
96880,-38.56,29.82
96880,-38.75,28.51
96900,-38.75,28.51
96900,-39.19,31.27
96920,-39.19,31.27
96920,-38.98,31.52
96940,-38.98,31.52
96940,-39.04,38.39
96960,-39.04,38.39
96960,-39.53,67.14
96980,-39.53,67.14
96980,-38.7,35.28
97000,-38.7,35.28
97000,-38.56,39.26
97020,-38.56,39.26
97020,-38.94,41.24
97040,-38.94,41.24
97040,-39.06,29.88
97060,-39.06,29.88
97060,-38.81,25.6
97080,-38.81,25.6
97080,-38.7,30.24
97100,-38.7,30.24
97100,-38.6,28.84
97120,-38.6,28.84
97120,-38.72,29.27
97140,-38.72,29.27
97140,-38.79,27.9
97160,-38.79,27.9
97160,-38.41,27.82
97180,-38.41,27.82
97180,-39.13,33.94
97200,-39.13,33.94
97200,-38.88,27.74
97220,-38.88,27.74
97220,-38.46,28.07
97240,-38.46,28.07
97240,-38.41,25.64
97260,-38.41,25.64
97260,-38.04,23.42
97280,-38.04,23.42
97280,-38.13,21.14
97300,-38.13,21.14
97300,-38.21,26.03
97320,-38.21,26.03
97320,-38.53,26.03
97340,-38.53,26.03
97340,-38.79,24.39
97360,-38.79,24.39
97360,-38.66,23.93
97380,-38.66,23.93
97380,-38.46,26.61
97400,-38.46,26.61
97400,-38.21,31.75
97420,-38.21,31.75
97420,-37.73,18.9
97440,-37.73,18.9
97440,-36.83,17.38
97460,-36.83,17.38
97460,-38.56,19.76
97480,-38.56,19.76
97480,-38.42,18.31
97500,-38.42,18.31
97500,-38.37,20.73
97520,-38.37,20.73
97520,-38.6,20.66
97540,-38.6,20.66
97540,-38.96,22.94
97560,-38.96,22.94
97560,-38.2,22.24
97580,-38.2,22.24
97580,-39.23,22.84
97600,-39.23,22.84
97600,-38.64,25.81
97620,-38.64,25.81
97620,-37.98,24.28
97640,-37.98,24.28
97640,-37.94,25.66
97660,-37.94,25.66
97660,-38.23,27.12
97680,-38.23,27.12
97680,-38.51,25.16
97700,-38.51,25.16
97700,-38.18,26.87
97720,-38.18,26.87
97720,-38.31,25.77
97740,-38.31,25.77
97740,-38.29,25.91
97760,-38.29,25.91
97760,-38.44,24.59
97780,-38.44,24.59
97780,-38.18,23.59
97800,-38.18,23.59
97800,-38.75,20.8
97820,-38.75,20.8
97820,-38.22,23.43
97840,-38.22,23.43
97840,-38.14,20.05
97860,-38.14,20.05
97860,-38.36,22.62
97880,-38.36,22.62
97880,-38.62,22.41
97900,-38.62,22.41
97900,-37.85,23.69
97920,-37.85,23.69
97920,-38.33,25.45
97940,-38.33,25.45
97940,-38.75,35.97
97960,-38.75,35.97
97960,-38.99,28.49
97980,-38.99,28.49
97980,-38.4,24.63
98000,-38.4,24.63
98000,-37.85,22.06
98020,-37.85,22.06
98020,-38.49,21.63
98040,-38.49,21.63
98040,-38.65,31.25
98060,-38.65,31.25
98060,-38.2,21.9
98080,-38.2,21.9
98080,-38.26,23.97
98100,-38.26,23.97
98100,-38.32,21.48
98120,-38.32,21.48
98120,-38.38,24.7
98140,-38.38,24.7
98140,-38.32,24.07
98160,-38.32,24.07
98160,-38.29,NA
98180,-38.29,NA
98180,-38.32,27.8
98200,-38.32,27.8
98200,-38.2,30.87
98220,-38.2,30.87
98220,-38.03,34.93
98240,-38.03,34.93
98240,-38.93,40.98
98260,-38.93,40.98
98260,-38.33,35.99
98280,-38.33,35.99
98280,-38.31,28.41
98300,-38.31,28.41
98300,-38.2,29.05
98320,-38.2,29.05
98320,-38.28,24.66
98340,-38.28,24.66
98340,-38.61,22.24
98360,-38.61,22.24
98360,-38.21,24.67
98380,-38.21,24.67
98380,-37.89,34.41
98400,-37.89,34.41
98400,-38.66,25.82
98420,-38.66,25.82
98420,-39.18,27.77
98440,-39.18,27.77
98440,-38.72,25.86
98460,-38.72,25.86
98460,-38.15,22.68
98480,-38.15,22.68
98480,-38.08,21.49
98500,-38.08,21.49
98500,-37.98,NA
98520,-37.98,NA
98520,-37.48,20.59
98540,-37.48,20.59
98540,-38.17,22.7
98560,-38.17,22.7
98560,-37.12,21.15
98580,-37.12,21.15
98580,-37.48,25.82
98600,-37.48,25.82
98600,-37.7,24.15
98620,-37.7,24.15
98620,-38.09,23.82
98640,-38.09,23.82
98640,-38.02,24.79
98660,-38.02,24.79
98660,-38.49,28.31
98680,-38.49,28.31
98680,-38.96,31.5
98700,-38.96,31.5
98700,-37.89,23.75
98720,-37.89,23.75
98720,-38.23,25.23
98740,-38.23,25.23
98740,-37.87,18.77
98760,-37.87,18.77
98760,-38.23,14.59
98780,-38.23,14.59
98780,-37.16,16.8
98800,-37.16,16.8
98800,-37.09,19.56
98820,-37.09,19.56
98820,-37.67,19.3
98840,-37.67,19.3
98840,-38.06,23.84
98860,-38.06,23.84
98860,-38.22,NA
98880,-38.22,NA
98880,-38.09,19.02
98900,-38.09,19.02
98900,-37.73,18.87
98920,-37.73,18.87
98920,-37.87,NA
98940,-37.87,NA
98940,-37.75,19.41
98960,-37.75,19.41
98960,-37.6,27.23
98980,-37.6,27.23
98980,-37.19,18.79
99000,-37.19,18.79
99000,-37.29,16.42
99020,-37.29,16.42
99020,-38.48,21.56
99040,-38.48,21.56
99040,-38.01,24.14
99060,-38.01,24.14
99060,-37.69,20.17
99080,-37.69,20.17
99080,-37.53,19.72
99100,-37.53,19.72
99100,-37.96,23.82
99120,-37.96,23.82
99120,-37.34,NA
99140,-37.34,NA
99140,-37.86,NA
99160,-37.86,NA
99160,-37.86,20.54
99180,-37.86,20.54
99180,-37.51,21.14
99200,-37.51,21.14
99200,-37.39,20.38
99220,-37.39,20.38
99220,-37.42,19.91
99240,-37.42,19.91
99240,-37.82,21.05
99260,-37.82,21.05
99260,-37.4,22.06
99280,-37.4,22.06
99280,-37.48,22.92
99300,-37.48,22.92
99300,-37.56,21.65
99320,-37.56,21.65
99320,-37.27,19.2
99340,-37.27,19.2
99340,-37.63,22.42
99360,-37.63,22.42
99360,-37.81,21.58
99380,-37.81,21.58
99380,-37.64,21.38
99400,-37.64,21.38
99400,-37.71,19.85
99420,-37.71,19.85
99420,-37.69,18.7
99440,-37.69,18.7
99440,-37.78,22.69
99460,-37.78,22.69
99460,-38.27,21.98
99480,-38.27,21.98
99480,-38.06,20.89
99500,-38.06,20.89
99500,-38.62,18.55
99520,-38.62,18.55
99520,-37.4,17.58
99540,-37.4,17.58
99540,-38.05,17.72
99560,-38.05,17.72
99560,-37.43,17.13
99580,-37.43,17.13
99580,-37.89,16.56
99600,-37.89,16.56
99600,-37.38,18.78
99620,-37.38,18.78
99620,-37.47,15.54
99640,-37.47,15.54
99640,-38,15.4
99660,-38,15.4
99660,-38.44,19.45
99680,-38.44,19.45
99680,-38.25,20.51
99700,-38.25,20.51
99700,-37.96,18.21
99720,-37.96,18.21
99720,-37.8,25.79
99740,-37.8,25.79
99740,-37.86,NA
99760,-37.86,NA
99760,-37.88,26.18
99780,-37.88,26.18
99780,-37.43,23.43
99800,-37.43,23.43
99800,-37.63,23.73
99820,-37.63,23.73
99820,-37.82,22.78
99840,-37.82,22.78
99840,-37.83,20.94
99860,-37.83,20.94
99860,-38.09,22.17
99880,-38.09,22.17
99880,-37.23,19.44
99900,-37.23,19.44
99900,-37.49,18.2
99920,-37.49,18.2
99920,-37.82,18.42
99940,-37.82,18.42
99940,-38.01,19.36
99960,-38.01,19.36
99960,-37.97,21.57
99980,-37.97,21.57
99980,-38.26,20.48
100000,-38.26,20.48
100000,-38.34,20.51
100020,-38.34,20.51
100020,-37.79,18.95
100040,-37.79,18.95
100040,-37.72,NA
100060,-37.72,NA
100060,-37.55,26.17
100080,-37.55,26.17
100080,-37.53,23.69
100100,-37.53,23.69
100100,-38.13,23.99
100120,-38.13,23.99
100120,-37.35,22.77
100140,-37.35,22.77
100140,-37.43,20.54
100160,-37.43,20.54
100160,-37.64,20.53
100180,-37.64,20.53
100180,-37.47,22.6
100200,-37.47,22.6
100200,-37.46,17.88
100220,-37.46,17.88
100220,-37.22,18.77
100240,-37.22,18.77
100240,-37.49,18.16
100260,-37.49,18.16
100260,-37.46,20.62
100280,-37.46,20.62
100280,-37.74,21.87
100300,-37.74,21.87
100300,-37.44,19.62
100320,-37.44,19.62
100320,-36.65,20.08
100340,-36.65,20.08
100340,-37.33,18.92
100360,-37.33,18.92
100360,-37.24,18.5
100380,-37.24,18.5
100380,-37.03,20.83
100400,-37.03,20.83
100400,-37.69,17.08
100420,-37.69,17.08
100420,-37.88,22.08
100440,-37.88,22.08
100440,-37.17,21.43
100460,-37.17,21.43
100460,-37.59,21.15
100480,-37.59,21.15
100480,-37.11,NA
100500,-37.11,NA
100500,-37.08,NA
100520,-37.08,NA
100520,-37.32,NA
100540,-37.32,NA
100540,-36.88,23.41
100560,-36.88,23.41
100560,-37.24,22.17
100580,-37.24,22.17
100580,-37.04,NA
100600,-37.04,NA
100600,-37.22,NA
100620,-37.22,NA
100620,-37.92,NA
100640,-37.92,NA
100640,-37.38,NA
100660,-37.38,NA
100660,-37.95,NA
100680,-37.95,NA
100680,-37.3,NA
100700,-37.3,NA
100700,-37.02,NA
100720,-37.02,NA
100720,-36.68,NA
100740,-36.68,NA
100740,-36.94,NA
100760,-36.94,NA
100760,-37.46,20.86
100780,-37.46,20.86
100780,-37.38,24.17
100800,-37.38,24.17
100800,-37.22,17.3
100820,-37.22,17.3
100820,-37.3,NA
100840,-37.3,NA
100840,-37.46,NA
100860,-37.46,NA
100860,-37.02,NA
100880,-37.02,NA
100880,-36.92,NA
100900,-36.92,NA
100900,-36.58,NA
100920,-36.58,NA
100920,-36.86,NA
100940,-36.86,NA
100940,-36.98,NA
100960,-36.98,NA
100960,-36.25,NA
100980,-36.25,NA
100980,-37.02,NA
101000,-37.02,NA
101000,-37.2,13.19
101020,-37.2,13.19
101020,-36.5,15.02
101040,-36.5,15.02
101040,-36.45,13.55
101060,-36.45,13.55
101060,-36.59,12.94
101080,-36.59,12.94
101080,-36.5,14.57
101100,-36.5,14.57
101100,-37.43,16.44
101120,-37.43,16.44
101120,-37.01,13.59
101140,-37.01,13.59
101140,-37.04,15
101160,-37.04,15
101160,-36.55,16.26
101180,-36.55,16.26
101180,-36.69,15.98
101200,-36.69,15.98
101200,-37.37,16.75
101220,-37.37,16.75
101220,-37.18,17.2
101240,-37.18,17.2
101240,-36.45,18.55
101260,-36.45,18.55
101260,-36.84,18.31
101280,-36.84,18.31
101280,-37.25,20.26
101300,-37.25,20.26
101300,-36.99,17.15
101320,-36.99,17.15
101320,-36.79,17.22
101340,-36.79,17.22
101340,-36.36,13.93
101360,-36.36,13.93
101360,-36.44,13.56
101380,-36.44,13.56
101380,-36.8,16.01
101400,-36.8,16.01
101400,-36.68,18.59
101420,-36.68,18.59
101420,-36.44,22.03
101440,-36.44,22.03
101440,-36.66,18.7
101460,-36.66,18.7
101460,-36.6,18.7
101480,-36.6,18.7
101480,-36.32,17.41
101500,-36.32,17.41
101500,-36.77,15.54
101520,-36.77,15.54
101520,-36.6,14.95
101540,-36.6,14.95
101540,-36.88,16.02
101560,-36.88,16.02
101560,-37.19,18.82
101580,-37.19,18.82
101580,-37.14,19.89
101600,-37.14,19.89
101600,-37.28,18.25
101620,-37.28,18.25
101620,-37.3,15.4
101640,-37.3,15.4
101640,-37.33,16.06
101660,-37.33,16.06
101660,-36.86,18.29
101680,-36.86,18.29
101680,-37.03,20.09
101700,-37.03,20.09
101700,-37.12,20.01
101720,-37.12,20.01
101720,-36.4,19.16
101740,-36.4,19.16
101740,-36.45,17.3
101760,-36.45,17.3
101760,-37.11,20.58
101780,-37.11,20.58
101780,-36.3,21.13
101800,-36.3,21.13
101800,-36.59,16.36
101820,-36.59,16.36
101820,-36.59,18.59
101840,-36.59,18.59
101840,-36.61,18.49
101860,-36.61,18.49
101860,-37.02,21
101880,-37.02,21
101880,-37.04,21.84
101900,-37.04,21.84
101900,-36.5,18.72
101920,-36.5,18.72
101920,-36.8,15.03
101940,-36.8,15.03
101940,-37.06,18.17
101960,-37.06,18.17
101960,-36.82,17.59
101980,-36.82,17.59
101980,-36.66,17.24
102000,-36.66,17.24
102000,-36.31,16.09
102020,-36.31,16.09
102020,-36.46,16.91
102040,-36.46,16.91
102040,-36.29,14.54
102060,-36.29,14.54
102060,-37,14.76
102080,-37,14.76
102080,-36.57,20.12
102100,-36.57,20.12
102100,-36.62,21.55
102120,-36.62,21.55
102120,-36.98,23.51
102140,-36.98,23.51
102140,-37.19,23.92
102160,-37.19,23.92
102160,-37.28,23.53
102180,-37.28,23.53
102180,-36.85,16.15
102200,-36.85,16.15
102200,-36.45,14.92
102220,-36.45,14.92
102220,-36.04,16.87
102240,-36.04,16.87
102240,-35.9,16.97
102260,-35.9,16.97
102260,-36.69,17.57
102280,-36.69,17.57
102280,-36.34,23.29
102300,-36.34,23.29
102300,-36.34,20.99
102320,-36.34,20.99
102320,-36.27,16.44
102340,-36.27,16.44
102340,-36.42,14.71
102360,-36.42,14.71
102360,-36.44,16.65
102380,-36.44,16.65
102380,-36.27,14.24
102400,-36.27,14.24
102400,-36.1,16.97
102420,-36.1,16.97
102420,-36.92,16.55
102440,-36.92,16.55
102440,-36.35,17.74
102460,-36.35,17.74
102460,-36.29,16.33
102480,-36.29,16.33
102480,-36.03,16.96
102500,-36.03,16.96
102500,-36.11,14.87
102520,-36.11,14.87
102520,-36.06,16.95
102540,-36.06,16.95
102540,-36.09,17.67
102560,-36.09,17.67
102560,-36.03,18.49
102580,-36.03,18.49
102580,-35.97,17.72
102600,-35.97,17.72
102600,-35.96,16.15
102620,-35.96,16.15
102620,-35.97,15.83
102640,-35.97,15.83
102640,-36.36,16.44
102660,-36.36,16.44
102660,-36.13,17.55
102680,-36.13,17.55
102680,-36.23,19.47
102700,-36.23,19.47
102700,-36.22,18.79
102720,-36.22,18.79
102720,-36.63,17.65
102740,-36.63,17.65
102740,-35.97,20.34
102760,-35.97,20.34
102760,-35.5,16.48
102780,-35.5,16.48
102780,-35.89,18.71
102800,-35.89,18.71
102800,-36.48,18.43
102820,-36.48,18.43
102820,-36.52,16.79
102840,-36.52,16.79
102840,-35.65,14.55
102860,-35.65,14.55
102860,-35.54,14.91
102880,-35.54,14.91
102880,-35.4,19.65
102900,-35.4,19.65
102900,-35.68,17.71
102920,-35.68,17.71
102920,-35.82,14.51
102940,-35.82,14.51
102940,-35.82,14.87
102960,-35.82,14.87
102960,-35.73,16.2
102980,-35.73,16.2
102980,-35.6,13.57
103000,-35.6,13.57
103000,-35.94,17.87
103020,-35.94,17.87
103020,-36.68,21.71
103040,-36.68,21.71
103040,-36.28,23.33
103060,-36.28,23.33
103060,-36.16,19.82
103080,-36.16,19.82
103080,-36.69,24.85
103100,-36.69,24.85
103100,-36.83,22.16
103120,-36.83,22.16
103120,-36.67,21.17
103140,-36.67,21.17
103140,-36.55,21.75
103160,-36.55,21.75
103160,-36.37,20.42
103180,-36.37,20.42
103180,-36.85,21.43
103200,-36.85,21.43
103200,-37.09,21.35
103220,-37.09,21.35
103220,-36.81,15.78
103240,-36.81,15.78
103240,-36.98,17.1
103260,-36.98,17.1
103260,-36.72,13.47
103280,-36.72,13.47
103280,-36.59,15.65
103300,-36.59,15.65
103300,-36.02,19.86
103320,-36.02,19.86
103320,-36.43,22.91
103340,-36.43,22.91
103340,-36.3,26.14
103360,-36.3,26.14
103360,-36.5,24.41
103380,-36.5,24.41
103380,-35.59,21.85
103400,-35.59,21.85
103400,-35.51,22.2
103420,-35.51,22.2
103420,-35.51,23.58
103440,-35.51,23.58
103440,-36.06,23.82
103460,-36.06,23.82
103460,-35.9,22.49
103480,-35.9,22.49
103480,-36.45,19.03
103500,-36.45,19.03
103500,-36.33,NA
103520,-36.33,NA
103520,-35.73,13.57
103540,-35.73,13.57
103540,-35.45,14.36
103560,-35.45,14.36
103560,-35.45,14.17
103580,-35.45,14.17
103580,-35.73,16.36
103600,-35.73,16.36
103600,-35.74,19.71
103620,-35.74,19.71
103620,-35.15,15.98
103640,-35.15,15.98
103640,-35.32,16.69
103660,-35.32,16.69
103660,-35.47,16.19
103680,-35.47,16.19
103680,-35.69,16.12
103700,-35.69,16.12
103700,-35.62,15.89
103720,-35.62,15.89
103720,-36.59,17.59
103740,-36.59,17.59
103740,-36.93,20.12
103760,-36.93,20.12
103760,-36.05,17.83
103780,-36.05,17.83
103780,-36.02,14.46
103800,-36.02,14.46
103800,-36.62,15.31
103820,-36.62,15.31
103820,-36.44,18.05
103840,-36.44,18.05
103840,-36.47,14.34
103860,-36.47,14.34
103860,-36.57,13.5
103880,-36.57,13.5
103880,-35.98,15.67
103900,-35.98,15.67
103900,-36,NA
103920,-36,NA
103920,-35.79,20.82
103940,-35.79,20.82
103940,-36.61,23.77
103960,-36.61,23.77
103960,-36.32,23.58
103980,-36.32,23.58
103980,-36.52,29.85
104000,-36.52,29.85
104000,NA,NA
104020,NA,NA
104020,NA,NA
104040,NA,NA
104040,NA,NA
104060,NA,NA
104060,NA,NA
104080,NA,NA
104080,NA,NA
104100,NA,NA
104100,NA,NA
104120,NA,NA
104120,NA,NA
104140,NA,NA
104140,NA,NA
104160,NA,NA
104160,NA,NA
104180,NA,NA
104180,NA,NA
104200,NA,NA
104200,NA,NA
104220,NA,NA
104220,NA,NA
104240,NA,NA
104240,NA,NA
104260,NA,NA
104260,NA,NA
104280,NA,NA
104280,NA,NA
104300,NA,NA
104300,NA,NA
104320,NA,NA
104320,NA,NA
104340,NA,NA
104340,NA,NA
104360,NA,NA
104360,NA,NA
104380,NA,NA
104380,NA,NA
104400,NA,NA
104400,NA,NA
104420,NA,NA
104420,NA,NA
104440,NA,NA
104440,NA,NA
104460,NA,NA
104460,NA,NA
104480,NA,NA
104480,NA,NA
104500,NA,NA
104500,NA,NA
104520,NA,NA
104520,NA,NA
104540,NA,NA
104540,NA,NA
104560,NA,NA
104560,NA,NA
104580,NA,NA
104580,NA,NA
104600,NA,NA
104600,NA,NA
104620,NA,NA
104620,NA,NA
104640,NA,NA
104640,NA,NA
104660,NA,NA
104660,NA,NA
104680,NA,NA
104680,NA,NA
104700,NA,NA
104700,NA,NA
104720,NA,NA
104720,NA,NA
104740,NA,NA
104740,NA,NA
104760,NA,NA
104760,NA,NA
104780,NA,NA
104780,NA,NA
104800,NA,NA
104800,NA,NA
104820,NA,NA
104820,NA,NA
104840,NA,NA
104840,NA,NA
104860,NA,NA
104860,NA,NA
104880,NA,NA
104880,NA,NA
104900,NA,NA
104900,NA,NA
104920,NA,NA
104920,NA,NA
104940,NA,NA
104940,NA,NA
104960,NA,NA
104960,NA,NA
104980,NA,NA
104980,NA,NA
105000,NA,NA
105000,NA,NA
105020,NA,NA
105020,NA,NA
105040,NA,NA
105040,NA,NA
105060,NA,NA
105060,NA,NA
105080,NA,NA
105080,NA,NA
105100,NA,NA
105100,NA,NA
105120,NA,NA
105120,NA,NA
105140,NA,NA
105140,NA,NA
105160,NA,NA
105160,NA,NA
105180,NA,NA
105180,NA,NA
105200,NA,NA
105200,NA,NA
105220,NA,NA
105220,NA,NA
105240,NA,NA
105240,NA,NA
105260,NA,NA
105260,NA,NA
105280,NA,NA
105280,NA,NA
105300,NA,NA
105300,NA,NA
105320,NA,NA
105320,NA,NA
105340,NA,NA
105340,NA,NA
105360,NA,NA
105360,NA,NA
105380,NA,NA
105380,NA,NA
105400,NA,NA
105400,NA,NA
105420,NA,NA
105420,NA,NA
105440,NA,NA
105440,NA,NA
105460,NA,NA
105460,NA,NA
105480,NA,NA
105480,NA,NA
105500,NA,NA
105500,NA,NA
105520,NA,NA
105520,NA,NA
105540,NA,NA
105540,NA,NA
105560,NA,NA
105560,NA,NA
105580,NA,NA
105580,NA,NA
105600,NA,NA
105600,NA,NA
105620,NA,NA
105620,NA,NA
105640,NA,NA
105640,NA,NA
105660,NA,NA
105660,NA,NA
105680,NA,NA
105680,NA,NA
105700,NA,NA
105700,NA,NA
105720,NA,NA
105720,NA,NA
105740,NA,NA
105740,NA,NA
105760,NA,NA
105760,NA,NA
105780,NA,NA
105780,NA,NA
105800,NA,NA
105800,NA,NA
105820,NA,NA
105820,NA,NA
105840,NA,NA
105840,NA,NA
105860,NA,NA
105860,NA,NA
105880,NA,NA
105880,NA,NA
105900,NA,NA
105900,NA,NA
105920,NA,NA
105920,NA,NA
105940,NA,NA
105940,NA,NA
105960,NA,NA
105960,NA,NA
105980,NA,NA
105980,NA,NA
106000,NA,NA
106000,NA,NA
106020,NA,NA
106020,NA,NA
106040,NA,NA
106040,NA,NA
106060,NA,NA
106060,NA,NA
106080,NA,NA
106080,NA,NA
106100,NA,NA
106100,NA,NA
106120,NA,NA
106120,NA,NA
106140,NA,NA
106140,NA,NA
106160,NA,NA
106160,NA,NA
106180,NA,NA
106180,NA,NA
106200,NA,NA
106200,NA,NA
106220,NA,NA
106220,NA,NA
106240,NA,NA
106240,NA,NA
106260,NA,NA
106260,NA,NA
106280,NA,NA
106280,NA,NA
106300,NA,NA
106300,NA,NA
106320,NA,NA
106320,NA,NA
106340,NA,NA
106340,NA,NA
106360,NA,NA
106360,NA,NA
106380,NA,NA
106380,NA,NA
106400,NA,NA
106400,NA,NA
106420,NA,NA
106420,NA,NA
106440,NA,NA
106440,NA,NA
106460,NA,NA
106460,NA,NA
106480,NA,NA
106480,NA,NA
106500,NA,NA
106500,NA,NA
106520,NA,NA
106520,NA,NA
106540,NA,NA
106540,NA,NA
106560,NA,NA
106560,NA,NA
106580,NA,NA
106580,NA,NA
106600,NA,NA
106600,NA,NA
106620,NA,NA
106620,NA,NA
106640,NA,NA
106640,NA,NA
106660,NA,NA
106660,NA,NA
106680,NA,NA
106680,NA,NA
106700,NA,NA
106700,NA,NA
106720,NA,NA
106720,NA,NA
106740,NA,NA
106740,NA,NA
106760,NA,NA
106760,NA,NA
106780,NA,NA
106780,NA,NA
106800,NA,NA
106800,NA,NA
106820,NA,NA
106820,NA,NA
106840,NA,NA
106840,NA,NA
106860,NA,NA
106860,NA,NA
106880,NA,NA
106880,NA,NA
106900,NA,NA
106900,NA,NA
106920,NA,NA
106920,NA,NA
106940,NA,NA
106940,NA,NA
106960,NA,NA
106960,NA,NA
106980,NA,NA
106980,NA,NA
107000,NA,NA
107000,NA,NA
107020,NA,NA
107020,NA,NA
107040,NA,NA
107040,NA,NA
107060,NA,NA
107060,NA,NA
107080,NA,NA
107080,NA,NA
107100,NA,NA
107100,NA,NA
107120,NA,NA
107120,NA,NA
107140,NA,NA
107140,NA,NA
107160,NA,NA
107160,NA,NA
107180,NA,NA
107180,NA,NA
107200,NA,NA
107200,NA,NA
107220,NA,NA
107220,NA,NA
107240,NA,NA
107240,NA,NA
107260,NA,NA
107260,NA,NA
107280,NA,NA
107280,NA,NA
107300,NA,NA
107300,NA,NA
107320,NA,NA
107320,NA,NA
107340,NA,NA
107340,NA,NA
107360,NA,NA
107360,NA,NA
107380,NA,NA
107380,NA,NA
107400,NA,NA
107400,NA,NA
107420,NA,NA
107420,NA,NA
107440,NA,NA
107440,NA,NA
107460,NA,NA
107460,NA,NA
107480,NA,NA
107480,NA,NA
107500,NA,NA
107500,NA,NA
107520,NA,NA
107520,NA,NA
107540,NA,NA
107540,NA,NA
107560,NA,NA
107560,NA,NA
107580,NA,NA
107580,NA,NA
107600,NA,NA
107600,NA,NA
107620,NA,NA
107620,NA,NA
107640,NA,NA
107640,NA,NA
107660,NA,NA
107660,NA,NA
107680,NA,NA
107680,NA,NA
107700,NA,NA
107700,NA,NA
107720,NA,NA
107720,NA,NA
107740,NA,NA
107740,NA,NA
107760,NA,NA
107760,NA,NA
107780,NA,NA
107780,NA,NA
107800,NA,NA
107800,NA,NA
107820,NA,NA
107820,NA,NA
107840,NA,NA
107840,NA,NA
107860,NA,NA
107860,NA,NA
107880,NA,NA
107880,NA,NA
107900,NA,NA
107900,NA,NA
107920,NA,NA
107920,NA,NA
107940,NA,NA
107940,NA,NA
107960,NA,NA
107960,NA,NA
107980,NA,NA
107980,NA,NA
108000,NA,NA
108000,NA,NA
108020,NA,NA
108020,NA,NA
108040,NA,NA
108040,NA,NA
108060,NA,NA
108060,NA,NA
108080,NA,NA
108080,NA,NA
108100,NA,NA
108100,NA,NA
108120,NA,NA
108120,NA,NA
108140,NA,NA
108140,NA,NA
108160,NA,NA
108160,NA,NA
108180,NA,NA
108180,NA,NA
108200,NA,NA
108200,NA,NA
108220,NA,NA
108220,NA,NA
108240,NA,NA
108240,NA,NA
108260,NA,NA
108260,NA,NA
108280,NA,NA
108280,NA,NA
108300,NA,NA
108300,NA,NA
108320,NA,NA
108320,NA,NA
108340,NA,NA
108340,NA,NA
108360,NA,NA
108360,NA,NA
108380,NA,NA
108380,NA,NA
108400,NA,NA
108400,NA,NA
108420,NA,NA
108420,NA,NA
108440,NA,NA
108440,NA,NA
108460,NA,NA
108460,NA,NA
108480,NA,NA
108480,NA,NA
108500,NA,NA
108500,NA,NA
108520,NA,NA
108520,NA,NA
108540,NA,NA
108540,NA,NA
108560,NA,NA
108560,NA,NA
108580,NA,NA
108580,NA,NA
108600,NA,NA
108600,NA,NA
108620,NA,NA
108620,NA,NA
108640,NA,NA
108640,NA,NA
108660,NA,NA
108660,NA,NA
108680,NA,NA
108680,NA,NA
108700,NA,NA
108700,NA,NA
108720,NA,NA
108720,NA,NA
108740,NA,NA
108740,NA,NA
108760,NA,NA
108760,NA,NA
108780,NA,NA
108780,NA,NA
108800,NA,NA
108800,NA,NA
108820,NA,NA
108820,NA,NA
108840,NA,NA
108840,NA,NA
108860,NA,NA
108860,NA,NA
108880,NA,NA
108880,NA,NA
108900,NA,NA
108900,NA,NA
108920,NA,NA
108920,NA,NA
108940,NA,NA
108940,NA,NA
108960,NA,NA
108960,NA,NA
108980,NA,NA
108980,NA,NA
109000,NA,NA
109000,NA,NA
109020,NA,NA
109020,NA,NA
109040,NA,NA
109040,NA,NA
109060,NA,NA
109060,NA,NA
109080,NA,NA
109080,NA,NA
109100,NA,NA
109100,NA,NA
109120,NA,NA
109120,NA,NA
109140,NA,NA
109140,NA,NA
109160,NA,NA
109160,NA,NA
109180,NA,NA
109180,NA,NA
109200,NA,NA
109200,NA,NA
109220,NA,NA
109220,NA,NA
109240,NA,NA
109240,NA,NA
109260,NA,NA
109260,NA,NA
109280,NA,NA
109280,NA,NA
109300,NA,NA
109300,NA,NA
109320,NA,NA
109320,NA,NA
109340,NA,NA
109340,NA,NA
109360,NA,NA
109360,NA,NA
109380,NA,NA
109380,NA,NA
109400,NA,NA
109400,NA,NA
109420,NA,NA
109420,NA,NA
109440,NA,NA
109440,NA,NA
109460,NA,NA
109460,NA,NA
109480,NA,NA
109480,NA,NA
109500,NA,NA
109500,NA,NA
109520,NA,NA
109520,NA,NA
109540,NA,NA
109540,NA,NA
109560,NA,NA
109560,NA,NA
109580,NA,NA
109580,NA,NA
109600,NA,NA
109600,NA,NA
109620,NA,NA
109620,NA,NA
109640,NA,NA
109640,NA,NA
109660,NA,NA
109660,NA,NA
109680,NA,NA
109680,NA,NA
109700,NA,NA
109700,NA,NA
109720,NA,NA
109720,NA,NA
109740,NA,NA
109740,NA,NA
109760,NA,NA
109760,NA,NA
109780,NA,NA
109780,NA,NA
109800,NA,NA
109800,NA,NA
109820,NA,NA
109820,NA,NA
109840,NA,NA
109840,NA,NA
109860,NA,NA
109860,NA,NA
109880,NA,NA
109880,NA,NA
109900,NA,NA
109900,NA,NA
109920,NA,NA
109920,NA,NA
109940,NA,NA
109940,NA,NA
109960,NA,NA
109960,NA,NA
109980,NA,NA
109980,NA,NA
110000,NA,NA
110000,NA,NA
110020,NA,NA
110020,NA,NA
110040,NA,NA
110040,NA,NA
110060,NA,NA
110060,NA,NA
110080,NA,NA
110080,NA,NA
110100,NA,NA
110100,NA,NA
110120,NA,NA
110120,NA,NA
110140,NA,NA
110140,NA,NA
110160,NA,NA
110160,NA,NA
110180,NA,NA
110180,NA,NA
110200,NA,NA
110200,NA,NA
110220,NA,NA
110220,NA,NA
110240,NA,NA
110240,NA,NA
110260,NA,NA
110260,NA,NA
110280,NA,NA
110280,NA,NA
110300,NA,NA
110300,NA,NA
110320,NA,NA
110320,NA,NA
110340,NA,NA
110340,NA,NA
110360,NA,NA
110360,NA,NA
110380,NA,NA
110380,NA,NA
110400,NA,NA
110400,NA,NA
110420,NA,NA
110420,NA,NA
110440,NA,NA
110440,NA,NA
110460,NA,NA
110460,NA,NA
110480,NA,NA
110480,NA,NA
110500,NA,NA
110500,NA,NA
110520,NA,NA
110520,NA,NA
110540,NA,NA
110540,NA,NA
110560,NA,NA
110560,NA,NA
110580,NA,NA
110580,NA,NA
110600,NA,NA
110600,NA,NA
110620,NA,NA
110620,NA,NA
110640,NA,NA
110640,NA,NA
110660,NA,NA
110660,NA,NA
110680,NA,NA
110680,NA,NA
110700,NA,NA
110700,NA,NA
110720,NA,NA
110720,NA,NA
110740,NA,NA
110740,NA,NA
110760,NA,NA
110760,NA,NA
110780,NA,NA
110780,NA,NA
110800,NA,NA
110800,NA,NA
110820,NA,NA
110820,NA,NA
110840,NA,NA
110840,NA,NA
110860,NA,NA
110860,NA,NA
110880,NA,NA
110880,NA,NA
110900,NA,NA
110900,NA,NA
110920,NA,NA
110920,NA,NA
110940,NA,NA
110940,NA,NA
110960,NA,NA
110960,NA,NA
110980,NA,NA
110980,NA,NA
111000,NA,NA
111000,NA,NA
111020,NA,NA
111020,NA,NA
111040,NA,NA
111040,NA,NA
111060,NA,NA
111060,NA,NA
111080,NA,NA
111080,NA,NA
111100,NA,NA
111100,NA,NA
111120,NA,NA
111120,NA,NA
111140,NA,NA
111140,NA,NA
111160,NA,NA
111160,NA,NA
111180,NA,NA
111180,NA,NA
111200,NA,NA
111200,NA,NA
111220,NA,NA
111220,NA,NA
111240,NA,NA
111240,NA,NA
111260,NA,NA
111260,NA,NA
111280,NA,NA
111280,NA,NA
111300,NA,NA
111300,NA,NA
111320,NA,NA
111320,NA,NA
111340,NA,NA
111340,NA,NA
111360,NA,NA
111360,NA,NA
111380,NA,NA
111380,NA,NA
111400,NA,NA
111400,NA,NA
111420,NA,NA
111420,NA,NA
111440,NA,NA
111440,NA,NA
111460,NA,NA
111460,NA,NA
111480,NA,NA
111480,NA,NA
111500,NA,NA
111500,NA,NA
111520,NA,NA
111520,NA,NA
111540,NA,NA
111540,NA,NA
111560,NA,NA
111560,NA,NA
111580,NA,NA
111580,NA,NA
111600,NA,NA
111600,NA,NA
111620,NA,NA
111620,NA,NA
111640,NA,NA
111640,NA,NA
111660,NA,NA
111660,NA,NA
111680,NA,NA
111680,NA,NA
111700,NA,NA
111700,NA,NA
111720,NA,NA
111720,NA,NA
111740,NA,NA
111740,NA,NA
111760,NA,NA
111760,NA,NA
111780,NA,NA
111780,NA,NA
111800,NA,NA
111800,NA,NA
111820,NA,NA
111820,NA,NA
111840,NA,NA
111840,NA,NA
111860,NA,NA
111860,NA,NA
111880,NA,NA
111880,NA,NA
111900,NA,NA
111900,NA,NA
111920,NA,NA
111920,NA,NA
111940,NA,NA
111940,NA,NA
111960,NA,NA
111960,NA,NA
111980,NA,NA
111980,NA,NA
112000,NA,NA
112000,NA,NA
112020,NA,NA
112020,NA,NA
112040,NA,NA
112040,NA,NA
112060,NA,NA
112060,NA,NA
112080,NA,NA
112080,NA,NA
112100,NA,NA
112100,NA,NA
112120,NA,NA
112120,NA,NA
112140,NA,NA
112140,NA,NA
112160,NA,NA
112160,NA,NA
112180,NA,NA
112180,NA,NA
112200,NA,NA
112200,NA,NA
112220,NA,NA
112220,NA,NA
112240,NA,NA
112240,NA,NA
112260,NA,NA
112260,NA,NA
112280,NA,NA
112280,NA,NA
112300,NA,NA
112300,NA,NA
112320,NA,NA
112320,NA,NA
112340,NA,NA
112340,NA,NA
112360,NA,NA
112360,NA,NA
112380,NA,NA
112380,NA,NA
112400,NA,NA
112400,NA,NA
112420,NA,NA
112420,NA,NA
112440,NA,NA
112440,NA,NA
112460,NA,NA
112460,NA,NA
112480,NA,NA
112480,NA,NA
112500,NA,NA
112500,NA,NA
112520,NA,NA
112520,NA,NA
112540,NA,NA
112540,NA,NA
112560,NA,NA
112560,NA,NA
112580,NA,NA
112580,NA,NA
112600,NA,NA
112600,NA,NA
112620,NA,NA
112620,NA,NA
112640,NA,NA
112640,NA,NA
112660,NA,NA
112660,NA,NA
112680,NA,NA
112680,NA,NA
112700,NA,NA
112700,NA,NA
112720,NA,NA
112720,NA,NA
112740,NA,NA
112740,NA,NA
112760,NA,NA
112760,NA,NA
112780,NA,NA
112780,NA,NA
112800,NA,NA
112800,NA,NA
112820,NA,NA
112820,NA,NA
112840,NA,NA
112840,NA,NA
112860,NA,NA
112860,NA,NA
112880,NA,NA
112880,NA,NA
112900,NA,NA
112900,NA,NA
112920,NA,NA
112920,NA,NA
112940,NA,NA
112940,NA,NA
112960,NA,NA
112960,NA,NA
112980,NA,NA
112980,NA,NA
113000,NA,NA
113000,NA,NA
113020,NA,NA
113020,NA,NA
113040,NA,NA
113040,NA,NA
113060,NA,NA
113060,NA,NA
113080,NA,NA
113080,NA,NA
113100,NA,NA
113100,NA,NA
113120,NA,NA
113120,NA,NA
113140,NA,NA
113140,NA,NA
113160,NA,NA
113160,NA,NA
113180,NA,NA
113180,NA,NA
113200,NA,NA
113200,NA,NA
113220,NA,NA
113220,NA,NA
113240,NA,NA
113240,NA,NA
113260,NA,NA
113260,NA,NA
113280,NA,NA
113280,NA,NA
113300,NA,NA
113300,NA,NA
113320,NA,NA
113320,NA,NA
113340,NA,NA
113340,NA,NA
113360,NA,NA
113360,NA,NA
113380,NA,NA
113380,NA,NA
113400,NA,NA
113400,NA,NA
113420,NA,NA
113420,NA,NA
113440,NA,NA
113440,NA,NA
113460,NA,NA
113460,NA,NA
113480,NA,NA
113480,NA,NA
113500,NA,NA
113500,NA,NA
113520,NA,NA
113520,NA,NA
113540,NA,NA
113540,NA,NA
113560,NA,NA
113560,NA,NA
113580,NA,NA
113580,NA,NA
113600,NA,NA
113600,NA,NA
113620,NA,NA
113620,NA,NA
113640,NA,NA
113640,NA,NA
113660,NA,NA
113660,NA,NA
113680,NA,NA
113680,NA,NA
113700,NA,NA
113700,NA,NA
113720,NA,NA
113720,NA,NA
113740,NA,NA
113740,NA,NA
113760,NA,NA
113760,NA,NA
113780,NA,NA
113780,NA,NA
113800,NA,NA
113800,NA,NA
113820,NA,NA
113820,NA,NA
113840,NA,NA
113840,NA,NA
113860,NA,NA
113860,NA,NA
113880,NA,NA
113880,NA,NA
113900,NA,NA
113900,NA,NA
113920,NA,NA
113920,NA,NA
113940,NA,NA
113940,NA,NA
113960,NA,NA
113960,NA,NA
113980,NA,NA
113980,NA,NA
114000,NA,NA
114000,NA,NA
114020,NA,NA
114020,NA,NA
114040,NA,NA
114040,NA,NA
114060,NA,NA
114060,NA,NA
114080,NA,NA
114080,NA,NA
114100,NA,NA
114100,NA,NA
114120,NA,NA
114120,NA,NA
114140,NA,NA
114140,NA,NA
114160,NA,NA
114160,NA,NA
114180,NA,NA
114180,NA,NA
114200,NA,NA
114200,NA,NA
114220,NA,NA
114220,NA,NA
114240,NA,NA
114240,NA,NA
114260,NA,NA
114260,NA,NA
114280,NA,NA
114280,NA,NA
114300,NA,NA
114300,NA,NA
114320,NA,NA
114320,NA,NA
114340,NA,NA
114340,NA,NA
114360,NA,NA
114360,NA,NA
114380,NA,NA
114380,NA,NA
114400,NA,NA
114400,NA,NA
114420,NA,NA
114420,NA,NA
114440,NA,NA
114440,NA,NA
114460,NA,NA
114460,NA,NA
114480,NA,NA
114480,NA,NA
114500,NA,NA
114500,NA,NA
114520,NA,NA
114520,NA,NA
114540,NA,NA
114540,NA,NA
114560,NA,NA
114560,NA,NA
114580,NA,NA
114580,NA,NA
114600,NA,NA
114600,NA,NA
114620,NA,NA
114620,NA,NA
114640,NA,NA
114640,NA,NA
114660,NA,NA
114660,NA,NA
114680,NA,NA
114680,NA,NA
114700,NA,NA
114700,NA,NA
114720,NA,NA
114720,NA,NA
114740,NA,NA
114740,NA,NA
114760,NA,NA
114760,NA,NA
114780,NA,NA
114780,NA,NA
114800,NA,NA
114800,NA,NA
114820,NA,NA
114820,NA,NA
114840,NA,NA
114840,NA,NA
114860,NA,NA
114860,NA,NA
114880,NA,NA
114880,NA,NA
114900,NA,NA
114900,NA,NA
114920,NA,NA
114920,NA,NA
114940,NA,NA
114940,NA,NA
114960,NA,NA
114960,NA,NA
114980,NA,NA
114980,NA,NA
115000,NA,NA
115000,NA,NA
115020,NA,NA
115020,NA,NA
115040,NA,NA
115040,NA,NA
115060,NA,NA
115060,NA,NA
115080,NA,NA
115080,NA,NA
115100,NA,NA
115100,NA,NA
115120,NA,NA
115120,NA,NA
115140,NA,NA
115140,NA,NA
115160,NA,NA
115160,NA,NA
115180,NA,NA
115180,NA,NA
115200,NA,NA
115200,NA,NA
115220,NA,NA
115220,NA,NA
115240,NA,NA
115240,NA,NA
115260,NA,NA
115260,NA,NA
115280,NA,NA
115280,NA,NA
115300,NA,NA
115300,NA,NA
115320,NA,NA
115320,NA,NA
115340,NA,NA
115340,NA,NA
115360,NA,NA
115360,NA,NA
115380,NA,NA
115380,NA,NA
115400,NA,NA
115400,NA,NA
115420,NA,NA
115420,NA,NA
115440,NA,NA
115440,NA,NA
115460,NA,NA
115460,NA,NA
115480,NA,NA
115480,NA,NA
115500,NA,NA
115500,NA,NA
115520,NA,NA
115520,NA,NA
115540,NA,NA
115540,NA,NA
115560,NA,NA
115560,NA,NA
115580,NA,NA
115580,NA,NA
115600,NA,NA
115600,NA,NA
115620,NA,NA
115620,NA,NA
115640,NA,NA
115640,NA,NA
115660,NA,NA
115660,NA,NA
115680,NA,NA
115680,NA,NA
115700,NA,NA
115700,NA,NA
115720,NA,NA
115720,NA,NA
115740,NA,NA
115740,NA,NA
115760,NA,NA
115760,NA,NA
115780,NA,NA
115780,NA,NA
115800,NA,NA
115800,NA,NA
115820,NA,NA
115820,NA,NA
115840,NA,NA
115840,NA,NA
115860,NA,NA
115860,NA,NA
115880,NA,NA
115880,NA,NA
115900,NA,NA
115900,NA,NA
115920,NA,NA
115920,NA,NA
115940,NA,NA
115940,NA,NA
115960,NA,NA
115960,NA,NA
115980,NA,NA
115980,NA,NA
116000,NA,NA
116000,NA,NA
116020,NA,NA
116020,NA,NA
116040,NA,NA
116040,NA,NA
116060,NA,NA
116060,NA,NA
116080,NA,NA
116080,NA,NA
116100,NA,NA
116100,NA,NA
116120,NA,NA
116120,NA,NA
116140,NA,NA
116140,NA,NA
116160,NA,NA
116160,NA,NA
116180,NA,NA
116180,NA,NA
116200,NA,NA
116200,NA,NA
116220,NA,NA
116220,NA,NA
116240,NA,NA
116240,NA,NA
116260,NA,NA
116260,NA,NA
116280,NA,NA
116280,NA,NA
116300,NA,NA
116300,NA,NA
116320,NA,NA
116320,NA,NA
116340,NA,NA
116340,NA,NA
116360,NA,NA
116360,NA,NA
116380,NA,NA
116380,NA,NA
116400,NA,NA
116400,NA,NA
116420,NA,NA
116420,NA,NA
116440,NA,NA
116440,NA,NA
116460,NA,NA
116460,NA,NA
116480,NA,NA
116480,NA,NA
116500,NA,NA
116500,NA,NA
116520,NA,NA
116520,NA,NA
116540,NA,NA
116540,NA,NA
116560,NA,NA
116560,NA,NA
116580,NA,NA
116580,NA,NA
116600,NA,NA
116600,NA,NA
116620,NA,NA
116620,NA,NA
116640,NA,NA
116640,NA,NA
116660,NA,NA
116660,NA,NA
116680,NA,NA
116680,NA,NA
116700,NA,NA
116700,NA,NA
116720,NA,NA
116720,NA,NA
116740,NA,NA
116740,NA,NA
116760,NA,NA
116760,NA,NA
116780,NA,NA
116780,NA,NA
116800,NA,NA
116800,NA,NA
116820,NA,NA
116820,NA,NA
116840,NA,NA
116840,NA,NA
116860,NA,NA
116860,NA,NA
116880,NA,NA
116880,NA,NA
116900,NA,NA
116900,NA,NA
116920,NA,NA
116920,NA,NA
116940,NA,NA
116940,NA,NA
116960,NA,NA
116960,NA,NA
116980,NA,NA
116980,NA,NA
117000,NA,NA
117000,NA,NA
117020,NA,NA
117020,NA,NA
117040,NA,NA
117040,NA,NA
117060,NA,NA
117060,NA,NA
117080,NA,NA
117080,NA,NA
117100,NA,NA
117100,NA,NA
117120,NA,NA
117120,NA,NA
117140,NA,NA
117140,NA,NA
117160,NA,NA
117160,NA,NA
117180,NA,NA
117180,NA,NA
117200,NA,NA
117200,NA,NA
117220,NA,NA
117220,NA,NA
117240,NA,NA
117240,NA,NA
117260,NA,NA
117260,NA,NA
117280,NA,NA
117280,NA,NA
117300,NA,NA
117300,NA,NA
117320,NA,NA
117320,NA,NA
117340,NA,NA
117340,NA,NA
117360,NA,NA
117360,NA,NA
117380,NA,NA
117380,NA,NA
117400,NA,NA
117400,NA,NA
117420,NA,NA
117420,NA,NA
117440,NA,NA
117440,NA,NA
117460,NA,NA
117460,NA,NA
117480,NA,NA
117480,NA,NA
117500,NA,NA
117500,NA,NA
117520,NA,NA
117520,NA,NA
117540,NA,NA
117540,NA,NA
117560,NA,NA
117560,NA,NA
117580,NA,NA
117580,NA,NA
117600,NA,NA
117600,NA,NA
117620,NA,NA
117620,NA,NA
117640,NA,NA
117640,NA,NA
117660,NA,NA
117660,NA,NA
117680,NA,NA
117680,NA,NA
117700,NA,NA
117700,NA,NA
117720,NA,NA
117720,NA,NA
117740,NA,NA
117740,NA,NA
117760,NA,NA
117760,NA,NA
117780,NA,NA
117780,NA,NA
117800,NA,NA
117800,NA,NA
117820,NA,NA
117820,NA,NA
117840,NA,NA
117840,NA,NA
117860,NA,NA
117860,NA,NA
117880,NA,NA
117880,NA,NA
117900,NA,NA
117900,NA,NA
117920,NA,NA
117920,NA,NA
117940,NA,NA
117940,NA,NA
117960,NA,NA
117960,NA,NA
117980,NA,NA
117980,NA,NA
118000,NA,NA
118000,NA,NA
118020,NA,NA
118020,NA,NA
118040,NA,NA
118040,NA,NA
118060,NA,NA
118060,NA,NA
118080,NA,NA
118080,NA,NA
118100,NA,NA
118100,NA,NA
118120,NA,NA
118120,NA,NA
118140,NA,NA
118140,NA,NA
118160,NA,NA
118160,NA,NA
118180,NA,NA
118180,NA,NA
118200,NA,NA
118200,NA,NA
118220,NA,NA
118220,NA,NA
118240,NA,NA
118240,NA,NA
118260,NA,NA
118260,NA,NA
118280,NA,NA
118280,NA,NA
118300,NA,NA
118300,NA,NA
118320,NA,NA
118320,NA,NA
118340,NA,NA
118340,NA,NA
118360,NA,NA
118360,NA,NA
118380,NA,NA
118380,NA,NA
118400,NA,NA
118400,NA,NA
118420,NA,NA
118420,NA,NA
118440,NA,NA
118440,NA,NA
118460,NA,NA
118460,NA,NA
118480,NA,NA
118480,NA,NA
118500,NA,NA
118500,NA,NA
118520,NA,NA
118520,NA,NA
118540,NA,NA
118540,NA,NA
118560,NA,NA
118560,NA,NA
118580,NA,NA
118580,NA,NA
118600,NA,NA
118600,NA,NA
118620,NA,NA
118620,NA,NA
118640,NA,NA
118640,NA,NA
118660,NA,NA
118660,NA,NA
118680,NA,NA
118680,NA,NA
118700,NA,NA
118700,NA,NA
118720,NA,NA
118720,NA,NA
118740,NA,NA
118740,NA,NA
118760,NA,NA
118760,NA,NA
118780,NA,NA
118780,NA,NA
118800,NA,NA
118800,NA,NA
118820,NA,NA
118820,NA,NA
118840,NA,NA
118840,NA,NA
118860,NA,NA
118860,NA,NA
118880,NA,NA
118880,NA,NA
118900,NA,NA
118900,NA,NA
118920,NA,NA
118920,NA,NA
118940,NA,NA
118940,NA,NA
118960,NA,NA
118960,NA,NA
118980,NA,NA
118980,NA,NA
119000,NA,NA
119000,NA,NA
119020,NA,NA
119020,NA,NA
119040,NA,NA
119040,NA,NA
119060,NA,NA
119060,NA,NA
119080,NA,NA
119080,NA,NA
119100,NA,NA
119100,NA,NA
119120,NA,NA
119120,NA,NA
119140,NA,NA
119140,NA,NA
119160,NA,NA
119160,NA,NA
119180,NA,NA
119180,NA,NA
119200,NA,NA
119200,NA,NA
119220,NA,NA
119220,NA,NA
119240,NA,NA
119240,NA,NA
119260,NA,NA
119260,NA,NA
119280,NA,NA
119280,NA,NA
119300,NA,NA
119300,NA,NA
119320,NA,NA
119320,NA,NA
119340,NA,NA
119340,NA,NA
119360,NA,NA
119360,NA,NA
119380,NA,NA
119380,NA,NA
119400,NA,NA
119400,NA,NA
119420,NA,NA
119420,NA,NA
119440,NA,NA
119440,NA,NA
119460,NA,NA
119460,NA,NA
119480,NA,NA
119480,NA,NA
119500,NA,NA
119500,NA,NA
119520,NA,NA
119520,NA,NA
119540,NA,NA
119540,NA,NA
119560,NA,NA
119560,NA,NA
119580,NA,NA
119580,NA,NA
119600,NA,NA
119600,NA,NA
119620,NA,NA
119620,NA,NA
119640,NA,NA
119640,NA,NA
119660,NA,NA
119660,NA,NA
119680,NA,NA
119680,NA,NA
119700,NA,NA
119700,NA,NA
119720,NA,NA
119720,NA,NA
119740,NA,NA
119740,NA,NA
119760,NA,NA
119760,NA,NA
119780,NA,NA
119780,NA,NA
119800,NA,NA
119800,NA,NA
119820,NA,NA
119820,NA,NA
119840,NA,NA
119840,NA,NA
119860,NA,NA
119860,NA,NA
119880,NA,NA
119880,NA,NA
119900,NA,NA
119900,NA,NA
119920,NA,NA
119920,NA,NA
119940,NA,NA
119940,NA,NA
119960,NA,NA
119960,NA,NA
119980,NA,NA
119980,NA,NA
120000,NA,NA
120000,NA,NA
120020,NA,NA
120020,NA,NA
120040,NA,NA
120040,NA,NA
120060,NA,NA
120060,NA,NA
120080,NA,NA
120080,NA,NA
120100,NA,NA
120100,NA,NA
120120,NA,NA
120120,NA,NA
120140,NA,NA
120140,NA,NA
120160,NA,NA
120160,NA,NA
120180,NA,NA
120180,NA,NA
120200,NA,NA
120200,NA,NA
120220,NA,NA
120220,NA,NA
120240,NA,NA
120240,NA,NA
120260,NA,NA
120260,NA,NA
120280,NA,NA
120280,NA,NA
120300,NA,NA
120300,NA,NA
120320,NA,NA
120320,NA,NA
120340,NA,NA
120340,NA,NA
120360,NA,NA
120360,NA,NA
120380,NA,NA
120380,NA,NA
120400,NA,NA
120400,NA,NA
120420,NA,NA
120420,NA,NA
120440,NA,NA
120440,NA,NA
120460,NA,NA
120460,NA,NA
120480,NA,NA
120480,NA,NA
120500,NA,NA
120500,NA,NA
120520,NA,NA
120520,NA,NA
120540,NA,NA
120540,NA,NA
120560,NA,NA
120560,NA,NA
120580,NA,NA
120580,NA,NA
120600,NA,NA
120600,NA,NA
120620,NA,NA
120620,NA,NA
120640,NA,NA
120640,NA,NA
120660,NA,NA
120660,NA,NA
120680,NA,NA
120680,NA,NA
120700,NA,NA
120700,NA,NA
120720,NA,NA
120720,NA,NA
120740,NA,NA
120740,NA,NA
120760,NA,NA
120760,NA,NA
120780,NA,NA
120780,NA,NA
120800,NA,NA
120800,NA,NA
120820,NA,NA
120820,NA,NA
120840,NA,NA
120840,NA,NA
120860,NA,NA
120860,NA,NA
120880,NA,NA
120880,NA,NA
120900,NA,NA
120900,NA,NA
120920,NA,NA
120920,NA,NA
120940,NA,NA
120940,NA,NA
120960,NA,NA
120960,NA,NA
120980,NA,NA
120980,NA,NA
121000,NA,NA
121000,NA,NA
121020,NA,NA
121020,NA,NA
121040,NA,NA
121040,NA,NA
121060,NA,NA
121060,NA,NA
121080,NA,NA
121080,NA,NA
121100,NA,NA
121100,NA,NA
121120,NA,NA
121120,NA,NA
121140,NA,NA
121140,NA,NA
121160,NA,NA
121160,NA,NA
121180,NA,NA
121180,NA,NA
121200,NA,NA
121200,NA,NA
121220,NA,NA
121220,NA,NA
121240,NA,NA
121240,NA,NA
121260,NA,NA
121260,NA,NA
121280,NA,NA
121280,NA,NA
121300,NA,NA
121300,NA,NA
121320,NA,NA
121320,NA,NA
121340,NA,NA
121340,NA,NA
121360,NA,NA
121360,NA,NA
121380,NA,NA
121380,NA,NA
121400,NA,NA
121400,NA,NA
121420,NA,NA
121420,NA,NA
121440,NA,NA
121440,NA,NA
121460,NA,NA
121460,NA,NA
121480,NA,NA
121480,NA,NA
121500,NA,NA
121500,NA,NA
121520,NA,NA
121520,NA,NA
121540,NA,NA
121540,NA,NA
121560,NA,NA
121560,NA,NA
121580,NA,NA
121580,NA,NA
121600,NA,NA
121600,NA,NA
121620,NA,NA
121620,NA,NA
121640,NA,NA
121640,NA,NA
121660,NA,NA
121660,NA,NA
121680,NA,NA
121680,NA,NA
121700,NA,NA
121700,NA,NA
121720,NA,NA
121720,NA,NA
121740,NA,NA
121740,NA,NA
121760,NA,NA
121760,NA,NA
121780,NA,NA
121780,NA,NA
121800,NA,NA
121800,NA,NA
121820,NA,NA
121820,NA,NA
121840,NA,NA
121840,NA,NA
121860,NA,NA
121860,NA,NA
121880,NA,NA
121880,NA,NA
121900,NA,NA
121900,NA,NA
121920,NA,NA
121920,NA,NA
121940,NA,NA
121940,NA,NA
121960,NA,NA
121960,NA,NA
121980,NA,NA
121980,NA,NA
122000,NA,NA
122000,NA,NA
122020,NA,NA
122020,NA,NA
122040,NA,NA
122040,NA,NA
122060,NA,NA
122060,NA,NA
122080,NA,NA
122080,NA,NA
122100,NA,NA
122100,NA,NA
122120,NA,NA
122120,NA,NA
122140,NA,NA
122140,NA,NA
122160,NA,NA
122160,NA,NA
122180,NA,NA
122180,NA,NA
122200,NA,NA
122200,NA,NA
122220,NA,NA
122220,NA,NA
122240,NA,NA
122240,NA,NA
122260,NA,NA
122260,NA,NA
122280,NA,NA
